Order ID,Order Date,Customer ID,Customer Name,City,State,Country/Region,Salesperson,Region,Shipped Date,Shipper Name,Ship Name,Ship Address,Ship City,Ship State,Ship Country/Region,Payment Method,Product Name,Category,Unit Price,Quantity,Sales,Shipping Fee,Percent change
1001,27/01/2019,27,CitrusFizz,Las Vegas,NV,USA,Mariya Sergienko,West,29/01/2019,Shipping Company B,Karen Toh,789 27th Street,Las Vegas,NV,USA,Check,Beer,Beverages,14,49,686,66.542,0
1002,27/01/2019,27,CitrusFizz,Las Vegas,NV,USA,Mariya Sergienko,West,29/01/2019,Shipping Company B,Karen Toh,789 27th Street,Las Vegas,NV,USA,Check,Dried Plums,Dried Fruit & Nuts,3.5,47,164.5,16.6145,-0.760204082
1003,04/01/2019,4,Liquid Harmony,New York,NY,USA,Andrew Cencini,East,06/01/2019,Shipping QuenchCraft,Christina Lee,123 4th Street,New York,NY,USA,Credit Card,Dried Pears,Dried Fruit & Nuts,30,69,2070,198.72,11.58358663
1004,04/01/2019,4,Liquid Harmony,New York,NY,USA,Andrew Cencini,East,06/01/2019,Shipping QuenchCraft,Christina Lee,123 4th Street,New York,NY,USA,Credit Card,Dried Apples,Dried Fruit & Nuts,53,89,4717,448.115,1.278743961
1005,04/01/2019,4,Liquid Harmony,New York,NY,USA,Andrew Cencini,East,06/01/2019,Shipping QuenchCraft,Christina Lee,123 4th Street,New York,NY,USA,Credit Card,Dried Plums,Dried Fruit & Nuts,3.5,11,38.5,3.7345,-0.991838033
1006,12/01/2019,12,Company L,Las Vegas,NV,USA,Mariya Sergienko,West,14/01/2019,Shipping Company B,John Edwards,123 12th Street,Las Vegas,NV,USA,Credit Card,Chai,Beverages,18,81,1458,141.426,36.87012987
1007,12/01/2019,12,Company L,Las Vegas,NV,USA,Mariya Sergienko,West,14/01/2019,Shipping Company B,John Edwards,123 12th Street,Las Vegas,NV,USA,Credit Card,Coffee,Beverages,46,44,2024,198.352,0.388203018
1008,08/01/2019,8,Tasty Tingles,Portland,OR,USA,Nancy Freehafer,North,10/01/2019,Shipping BubblyBurst,Elizabeth Andersen,123 8th Street,Portland,OR,USA,Credit Card,Chocolate Biscuits Mix,Baked Goods & Mixes,9.2,38,349.6,36.0088,-0.827272727
1009,04/01/2019,4,Liquid Harmony,New York,NY,USA,Andrew Cencini,East,06/01/2019,Shipping BubblyBurst,Christina Lee,123 4th Street,New York,NY,USA,Check,Chocolate Biscuits Mix,Baked Goods & Mixes,9.2,88,809.6,79.3408,1.315789474
1010,29/01/2019,29,BubblyBurst,Denver,CO,USA,Jan Kotas,West,31/01/2019,Shipping Company B,Soo Jung Lee,789 29th Street,Denver,CO,USA,Check,Chocolate,Candy,12.75,94,1198.5,122.247,0.480360672
1011,03/01/2019,3,BubblyBurst,Los Angelas,CA,USA,Mariya Sergienko,West,05/01/2019,Shipping Company B,Thomas Axerr,123 3rd Street,Los Angelas,CA,USA,Cash,Clam Chowder,Soups,9.65,91,878.15,92.20575,-0.267292449
1012,06/01/2019,6,SparkleCraft,Milwaukee,WI,USA,Michael Neipper,North,08/01/2019,Shipping Company B,Francisco Pérez-Olaeta,123 6th Street,Milwaukee,WI,USA,Credit Card,Curry Sauce,Sauces,40,32,1280,133.12,0.457609748
1013,28/01/2019,28,BlissBrew,Memphis,TN,USA,Anne Larsen,South,30/01/2019,Shipping BubblyBurst,Amritansh Raghav,789 28th Street,Memphis,TN,USA,Check,Coffee,Beverages,46,55,2530,253,0.9765625
1014,08/01/2019,8,Tasty Tingles,Portland,OR,USA,Nancy Freehafer,North,10/01/2019,Shipping BubblyBurst,Elizabeth Andersen,123 8th Street,Portland,OR,USA,Check,Chocolate,Candy,12.75,47,599.25,61.72275,-0.763142292
1015,10/01/2019,10,Froth & Fusion,Chicago,IL,USA,Laura Giussani,East,12/01/2019,Shipping Company B,Roland Wacker,123 10th Street,Chicago,IL,USA,Credit Card,Green Tea,Beverages,2.99,90,269.1,27.7173,-0.550938673
1016,07/01/2019,7,Company G,Boise,ID,USA,Nancy Freehafer,North,12/01/2019,Shipping Company B,Ming-Yang Xie,123 7th Street,Boise,ID,USA,Credit Card,Coffee,Beverages,46,24,1104,110.4,3.102564103
1017,10/01/2019,10,Froth & Fusion,Chicago,IL,USA,Laura Giussani,East,12/01/2019,Shipping QuenchCraft,Roland Wacker,123 10th Street,Chicago,IL,USA,Credit Card,Boysenberry Spread,"Jams, Preserves",25,34,850,80.75,-0.230072464
1018,10/01/2019,10,Froth & Fusion,Chicago,IL,USA,Laura Giussani,East,12/01/2019,Shipping QuenchCraft,Roland Wacker,123 10th Street,Chicago,IL,USA,Credit Card,Cajun Seasoning,Condiments,22,17,374,35.904,-0.56
1019,10/01/2019,10,Froth & Fusion,Chicago,IL,USA,Laura Giussani,East,12/01/2019,Shipping QuenchCraft,Roland Wacker,123 10th Street,Chicago,IL,USA,Credit Card,Chocolate Biscuits Mix,Baked Goods & Mixes,9.2,44,404.8,42.0992,0.082352941
1020,11/01/2019,11,Zephyr Drinks,Miami,FL,USA,Anne Larsen,South,12/01/2019,Shipping BubblyBurst,Peter Krschne,123 11th Street,Miami,FL,USA,Credit Card,Dried Plums,Dried Fruit & Nuts,3.5,81,283.5,27.4995,-0.29965415
1021,11/01/2019,11,Zephyr Drinks,Miami,FL,USA,Anne Larsen,South,12/01/2019,Shipping BubblyBurst,Peter Krschne,123 11th Street,Miami,FL,USA,Credit Card,Green Tea,Beverages,2.99,49,146.51,15.09053,-0.483209877
1022,01/01/2019,1,QuenchCraft,Seattle,WA,USA,Nancy Freehafer,North,12/01/2019,Shipping BubblyBurst,Anna Bedecs,123 1st Street,Seattle,WA,USA,Credit Card,Chai,Beverages,18,42,756,75.6,4.160057334
1023,01/01/2019,1,QuenchCraft,Seattle,WA,USA,Nancy Freehafer,North,12/01/2019,Shipping BubblyBurst,Anna Bedecs,123 1st Street,Seattle,WA,USA,Credit Card,Coffee,Beverages,46,58,2668,269.468,2.529100529
1024,01/01/2019,1,QuenchCraft,Seattle,WA,USA,Nancy Freehafer,North,12/01/2019,Shipping BubblyBurst,Anna Bedecs,123 1st Street,Seattle,WA,USA,Credit Card,Green Tea,Beverages,2.99,67,200.33,20.033,-0.924913793
1025,28/01/2019,28,BlissBrew,Memphis,TN,USA,Anne Larsen,South,30/01/2019,Shipping BubblyBurst,Amritansh Raghav,789 28th Street,Memphis,TN,USA,Credit Card,Clam Chowder,Soups,9.65,100,965,93.605,3.817051864
1026,28/01/2019,28,BlissBrew,Memphis,TN,USA,Anne Larsen,South,30/01/2019,Shipping BubblyBurst,Amritansh Raghav,789 28th Street,Memphis,TN,USA,Credit Card,Crab Meat,Canned Meat,18.4,63,1159.2,114.7608,0.201243523
1027,09/01/2019,9,InfuZest,Salt Lake City,UT,USA,Robert Zare,West,11/01/2019,Shipping QuenchCraft,Sven Mortensen,123 9th Street,Salt Lake City,UT,USA,Check,Ravioli,Pasta,19.5,57,1111.5,110.0385,-0.041149068
1028,09/01/2019,9,InfuZest,Salt Lake City,UT,USA,Robert Zare,West,11/01/2019,Shipping QuenchCraft,Sven Mortensen,123 9th Street,Salt Lake City,UT,USA,Check,Mozzarella,Dairy Products,34.8,81,2818.8,295.974,1.536032389
1029,06/01/2019,6,SparkleCraft,Milwaukee,WI,USA,Michael Neipper,North,08/01/2019,Shipping Company B,Francisco Pérez-Olaeta,123 6th Street,Milwaukee,WI,USA,Credit Card,Beer,Beverages,14,71,994,95.424,-0.647367674
1030,08/02/2019,8,Tasty Tingles,Portland,OR,USA,Nancy Freehafer,North,10/02/2019,Shipping Company B,Elizabeth Andersen,123 8th Street,Portland,OR,USA,Check,Curry Sauce,Sauces,40,32,1280,129.28,0.287726358
1031,03/02/2019,3,BubblyBurst,Los Angelas,CA,USA,Mariya Sergienko,West,05/02/2019,Shipping Company B,Thomas Axerr,123 3rd Street,Los Angelas,CA,USA,Cash,Syrup,Condiments,10,63,630,65.52,-0.5078125
1032,03/02/2019,3,BubblyBurst,Los Angelas,CA,USA,Mariya Sergienko,West,05/02/2019,Shipping Company B,Thomas Axerr,123 3rd Street,Los Angelas,CA,USA,Cash,Curry Sauce,Sauces,40,30,1200,120,0.904761905
1033,06/02/2019,6,SparkleCraft,Milwaukee,WI,USA,Michael Neipper,North,08/02/2019,Shipping Company B,Francisco Pérez-Olaeta,123 6th Street,Milwaukee,WI,USA,Credit Card,Curry Sauce,Sauces,,,0,43,-1
1034,28/02/2019,28,BlissBrew,Memphis,TN,USA,Anne Larsen,South,02/03/2019,Shipping BubblyBurst,Amritansh Raghav,789 28th Street,Memphis,TN,USA,Check,Curry Sauce,Sauces,,,0,31,0
1035,08/02/2019,8,Tasty Tingles,Portland,OR,USA,Nancy Freehafer,North,10/02/2019,Shipping BubblyBurst,Elizabeth Andersen,123 8th Street,Portland,OR,USA,Check,Curry Sauce,Sauces,,,0,46,0
1036,10/02/2019,10,Froth & Fusion,Chicago,IL,USA,Laura Giussani,East,12/02/2019,Shipping Company B,Roland Wacker,123 10th Street,Chicago,IL,USA,Credit Card,Almonds,Dried Fruit & Nuts,10,47,470,48.88,0
1038,10/02/2019,10,Froth & Fusion,Chicago,IL,USA,Laura Giussani,East,12/02/2019,Shipping QuenchCraft,Roland Wacker,123 10th Street,Chicago,IL,USA,Credit Card,Dried Plums,Dried Fruit & Nuts,3.5,49,171.5,16.464,-0.635106383
1039,11/02/2019,11,Zephyr Drinks,Miami,FL,USA,Anne Larsen,South,12/02/2019,Shipping BubblyBurst,Peter Krschne,123 11th Street,Miami,FL,USA,Credit Card,Curry Sauce,Sauces,40,72,2880,285.12,15.79300292
1040,01/02/2019,1,QuenchCraft,Seattle,WA,USA,Nancy Freehafer,North,12/02/2019,Shipping BubblyBurst,Anna Bedecs,123 1st Street,Seattle,WA,USA,Credit Card,Crab Meat,Canned Meat,18.4,13,239.2,23.6808,-0.916944444
1041,28/02/2019,28,BlissBrew,Memphis,TN,USA,Anne Larsen,South,02/03/2019,Shipping BubblyBurst,Amritansh Raghav,789 28th Street,Memphis,TN,USA,Credit Card,Coffee,Beverages,46,32,1472,148.672,5.153846154
1042,09/02/2019,9,InfuZest,Salt Lake City,UT,USA,Robert Zare,West,11/02/2019,Shipping QuenchCraft,Sven Mortensen,123 9th Street,Salt Lake City,UT,USA,Check,Clam Chowder,Soups,9.65,27,260.55,24.75225,-0.822995924
1043,06/02/2019,6,SparkleCraft,Milwaukee,WI,USA,Michael Neipper,North,08/02/2019,Shipping Company B,Francisco Pérez-Olaeta,123 6th Street,Milwaukee,WI,USA,Credit Card,Chocolate,Candy,12.75,71,905.25,91.43025,2.474381117
1044,08/02/2019,8,Tasty Tingles,Portland,OR,USA,Nancy Freehafer,North,10/02/2019,Shipping Company B,Elizabeth Andersen,123 8th Street,Portland,OR,USA,Check,Chocolate,Candy,12.75,13,165.75,15.74625,-0.816901408
1045,25/02/2019,25,Splashology,Chicago,IL,USA,Laura Giussani,East,27/02/2019,Shipping QuenchCraft,John Rodman,789 25th Street,Chicago,IL,USA,Cash,Cajun Seasoning,Condiments,22,98,2156,204.82,12.00754148
1046,26/02/2019,26,BrewVibe,Miami,FL,USA,Anne Larsen,South,28/02/2019,Shipping BubblyBurst,Run Liu,789 26th Street,Miami,FL,USA,Credit Card,Boysenberry Spread,"Jams, Preserves",25,21,525,53.55,-0.756493506
1047,01/03/2019,29,BubblyBurst,Denver,CO,USA,Jan Kotas,West,03/03/2019,Shipping Company B,Soo Jung Lee,789 29th Street,Denver,CO,USA,Check,Fruit Cocktail,Fruit & Veg,39,26,1014,106.47,0.931428571
1048,06/02/2019,6,SparkleCraft,Milwaukee,WI,USA,Michael Neipper,North,08/02/2019,Shipping BubblyBurst,Francisco Pérez-Olaeta,123 6th Street,Milwaukee,WI,USA,Check,Dried Pears,Dried Fruit & Nuts,30,96,2880,296.64,1.840236686
1049,06/02/2019,6,SparkleCraft,Milwaukee,WI,USA,Michael Neipper,North,08/02/2019,Shipping BubblyBurst,Francisco Pérez-Olaeta,123 6th Street,Milwaukee,WI,USA,Check,Dried Apples,Dried Fruit & Nuts,53,16,848,88.192,-0.705555556
1050,04/02/2019,4,Liquid Harmony,New York,NY,USA,Andrew Cencini,East,08/02/2019,Shipping BubblyBurst,Christina Lee,123 4th Street,New York,NY,USA,Check,Gnocchi,Pasta,38,96,3648,346.56,3.301886792
1051,03/02/2019,3,BubblyBurst,Los Angelas,CA,USA,Mariya Sergienko,West,08/02/2019,Shipping BubblyBurst,Thomas Axerr,123 3rd Street,Los Angelas,CA,USA,Check,Green Tea,Beverages,2.99,75,224.25,23.09775,-0.938527961
1052,09/03/2019,9,InfuZest,Salt Lake City,UT,USA,Robert Zare,West,11/03/2019,Shipping QuenchCraft,Sven Mortensen,123 9th Street,Salt Lake City,UT,USA,Check,Ravioli,Pasta,19.5,55,1072.5,108.3225,3.782608696
1053,09/03/2019,9,InfuZest,Salt Lake City,UT,USA,Robert Zare,West,11/03/2019,Shipping QuenchCraft,Sven Mortensen,123 9th Street,Salt Lake City,UT,USA,Check,Mozzarella,Dairy Products,34.8,11,382.8,36.7488,-0.643076923
1054,06/03/2019,6,SparkleCraft,Milwaukee,WI,USA,Michael Neipper,North,08/03/2019,Shipping Company B,Francisco Pérez-Olaeta,123 6th Street,Milwaukee,WI,USA,Credit Card,Beer,Beverages,14,53,742,71.974,0.938349007
1055,08/03/2019,8,Tasty Tingles,Portland,OR,USA,Nancy Freehafer,North,10/03/2019,Shipping Company B,Elizabeth Andersen,123 8th Street,Portland,OR,USA,Check,Curry Sauce,Sauces,40,85,3400,357,3.582210243
1056,08/03/2019,8,Tasty Tingles,Portland,OR,USA,Nancy Freehafer,North,10/03/2019,Shipping Company B,Elizabeth Andersen,123 8th Street,Portland,OR,USA,Check,Chocolate Biscuits Mix,Baked Goods & Mixes,9.2,97,892.4,91.0248,-0.737529412
1057,25/03/2019,25,Splashology,Chicago,IL,USA,Laura Giussani,East,27/03/2019,Shipping QuenchCraft,John Rodman,789 25th Street,Chicago,IL,USA,Cash,Scones,Baked Goods & Mixes,10,46,460,46.46,-0.484536082
1058,26/03/2019,26,BrewVibe,Miami,FL,USA,Anne Larsen,South,28/03/2019,Shipping BubblyBurst,Run Liu,789 26th Street,Miami,FL,USA,Credit Card,Olive Oil,Oil,21.35,97,2070.95,196.74025,3.502065217
1059,26/03/2019,26,BrewVibe,Miami,FL,USA,Anne Larsen,South,28/03/2019,Shipping BubblyBurst,Run Liu,789 26th Street,Miami,FL,USA,Credit Card,Clam Chowder,Soups,9.65,97,936.05,95.4771,-0.548009368
1060,26/03/2019,26,BrewVibe,Miami,FL,USA,Anne Larsen,South,28/03/2019,Shipping BubblyBurst,Run Liu,789 26th Street,Miami,FL,USA,Credit Card,Crab Meat,Canned Meat,18.4,65,1196,123.188,0.277709524
1061,29/03/2019,29,BubblyBurst,Denver,CO,USA,Jan Kotas,West,31/03/2019,Shipping Company B,Soo Jung Lee,789 29th Street,Denver,CO,USA,Check,Beer,Beverages,14,72,1008,100.8,-0.157190635
1062,06/03/2019,6,SparkleCraft,Milwaukee,WI,USA,Michael Neipper,North,08/03/2019,Shipping BubblyBurst,Francisco Pérez-Olaeta,123 6th Street,Milwaukee,WI,USA,Check,Chocolate,Candy,12.75,16,204,20.196,-0.797619048
1064,04/03/2019,4,Liquid Harmony,New York,NY,USA,Andrew Cencini,East,06/03/2019,Shipping QuenchCraft,Christina Lee,123 4th Street,New York,NY,USA,Credit Card,Marmalade,"Jams, Preserves",81,77,6237,642.411,29.57352941
1065,04/03/2019,4,Liquid Harmony,New York,NY,USA,Andrew Cencini,East,06/03/2019,Shipping QuenchCraft,Christina Lee,123 4th Street,New York,NY,USA,Credit Card,Long Grain Rice,Grains,7,37,259,24.605,-0.958473625
1067,08/03/2019,8,Tasty Tingles,Portland,OR,USA,Nancy Freehafer,North,10/03/2019,Shipping BubblyBurst,Elizabeth Andersen,123 8th Street,Portland,OR,USA,Credit Card,Mozzarella,Dairy Products,34.8,63,2192.4,217.0476,7.464864865
1070,03/03/2019,3,BubblyBurst,Los Angelas,CA,USA,Mariya Sergienko,West,05/03/2019,Shipping Company B,Thomas Axerr,123 3rd Street,Los Angelas,CA,USA,Cash,Syrup,Condiments,10,48,480,48,-0.78106185
1071,03/03/2019,3,BubblyBurst,Los Angelas,CA,USA,Mariya Sergienko,West,05/03/2019,Shipping Company B,Thomas Axerr,123 3rd Street,Los Angelas,CA,USA,Cash,Curry Sauce,Sauces,40,71,2840,295.36,4.916666667
1075,10/03/2019,10,Froth & Fusion,Chicago,IL,USA,Laura Giussani,East,12/03/2019,Shipping Company B,Roland Wacker,123 10th Street,Chicago,IL,USA,Credit Card,Almonds,Dried Fruit & Nuts,10,55,550,55,-0.806338028
1077,10/03/2019,10,Froth & Fusion,Chicago,IL,USA,Laura Giussani,East,12/03/2019,Shipping QuenchCraft,Roland Wacker,123 10th Street,Chicago,IL,USA,Credit Card,Dried Plums,Dried Fruit & Nuts,3.5,21,73.5,7.35,-0.866363636
1078,11/03/2019,11,Zephyr Drinks,Miami,FL,USA,Anne Larsen,South,12/03/2019,Shipping BubblyBurst,Peter Krschne,123 11th Street,Miami,FL,USA,Credit Card,Curry Sauce,Sauces,40,67,2680,270.68,35.46258503
1079,01/03/2019,1,QuenchCraft,Seattle,WA,USA,Nancy Freehafer,North,12/03/2019,Shipping BubblyBurst,Anna Bedecs,123 1st Street,Seattle,WA,USA,Credit Card,Crab Meat,Canned Meat,18.4,75,1380,138,-0.485074627
1080,28/03/2019,28,BlissBrew,Memphis,TN,USA,Anne Larsen,South,30/03/2019,Shipping BubblyBurst,Amritansh Raghav,789 28th Street,Memphis,TN,USA,Credit Card,Coffee,Beverages,46,17,782,80.546,-0.433333333
1081,04/04/2019,4,Liquid Harmony,New York,NY,USA,Andrew Cencini,East,06/04/2019,Shipping QuenchCraft,Christina Lee,123 4th Street,New York,NY,USA,Credit Card,Dried Plums,Dried Fruit & Nuts,3.5,48,168,16.296,-0.78516624
1082,12/04/2019,12,Company L,Las Vegas,NV,USA,Mariya Sergienko,West,14/04/2019,Shipping Company B,John Edwards,123 12th Street,Las Vegas,NV,USA,Credit Card,Chai,Beverages,18,74,1332,137.196,6.928571429
1083,12/04/2019,12,Company L,Las Vegas,NV,USA,Mariya Sergienko,West,14/04/2019,Shipping Company B,John Edwards,123 12th Street,Las Vegas,NV,USA,Credit Card,Coffee,Beverages,46,96,4416,428.352,2.315315315
1084,08/04/2019,8,Tasty Tingles,Portland,OR,USA,Nancy Freehafer,North,10/04/2019,Shipping BubblyBurst,Elizabeth Andersen,123 8th Street,Portland,OR,USA,Credit Card,Chocolate Biscuits Mix,Baked Goods & Mixes,9.2,12,110.4,11.3712,-0.975
1085,04/04/2019,4,Liquid Harmony,New York,NY,USA,Andrew Cencini,East,06/04/2019,Shipping BubblyBurst,Christina Lee,123 4th Street,New York,NY,USA,Check,Chocolate Biscuits Mix,Baked Goods & Mixes,9.2,62,570.4,58.7512,4.166666667
1086,29/04/2019,29,BubblyBurst,Denver,CO,USA,Jan Kotas,West,01/05/2019,Shipping Company B,Soo Jung Lee,789 29th Street,Denver,CO,USA,Check,Chocolate,Candy,12.75,35,446.25,45.96375,-0.217654278
1087,03/04/2019,3,BubblyBurst,Los Angelas,CA,USA,Mariya Sergienko,West,05/04/2019,Shipping Company B,Thomas Axerr,123 3rd Street,Los Angelas,CA,USA,Cash,Clam Chowder,Soups,9.65,95,916.75,91.675,1.054341737
1088,06/04/2019,6,SparkleCraft,Milwaukee,WI,USA,Michael Neipper,North,08/04/2019,Shipping Company B,Francisco Pérez-Olaeta,123 6th Street,Milwaukee,WI,USA,Credit Card,Curry Sauce,Sauces,40,17,680,68.68,-0.25824925
1089,28/04/2019,28,BlissBrew,Memphis,TN,USA,Anne Larsen,South,30/04/2019,Shipping BubblyBurst,Amritansh Raghav,789 28th Street,Memphis,TN,USA,Check,Coffee,Beverages,46,96,4416,463.68,5.494117647
1090,08/04/2019,8,Tasty Tingles,Portland,OR,USA,Nancy Freehafer,North,10/04/2019,Shipping BubblyBurst,Elizabeth Andersen,123 8th Street,Portland,OR,USA,Check,Chocolate,Candy,12.75,83,1058.25,102.65025,-0.760360054
1091,10/04/2019,10,Froth & Fusion,Chicago,IL,USA,Laura Giussani,East,12/04/2019,Shipping Company B,Roland Wacker,123 10th Street,Chicago,IL,USA,Credit Card,Green Tea,Beverages,2.99,88,263.12,26.04888,-0.751363099
1092,07/04/2019,7,Company G,Boise,ID,USA,Nancy Freehafer,North,12/04/2019,Shipping Company B,Ming-Yang Xie,123 7th Street,Boise,ID,USA,Credit Card,Coffee,Beverages,46,59,2714,284.97,9.314685315
1093,10/04/2019,10,Froth & Fusion,Chicago,IL,USA,Laura Giussani,East,12/04/2019,Shipping QuenchCraft,Roland Wacker,123 10th Street,Chicago,IL,USA,Credit Card,Boysenberry Spread,"Jams, Preserves",25,27,675,68.85,-0.751289609
1094,10/04/2019,10,Froth & Fusion,Chicago,IL,USA,Laura Giussani,East,12/04/2019,Shipping QuenchCraft,Roland Wacker,123 10th Street,Chicago,IL,USA,Credit Card,Cajun Seasoning,Condiments,22,37,814,85.47,0.205925926
1095,10/04/2019,10,Froth & Fusion,Chicago,IL,USA,Laura Giussani,East,12/04/2019,Shipping QuenchCraft,Roland Wacker,123 10th Street,Chicago,IL,USA,Credit Card,Chocolate Biscuits Mix,Baked Goods & Mixes,9.2,75,690,69,-0.152334152
1096,11/04/2019,11,Zephyr Drinks,Miami,FL,USA,Anne Larsen,South,12/04/2019,Shipping BubblyBurst,Peter Krschne,123 11th Street,Miami,FL,USA,Credit Card,Dried Plums,Dried Fruit & Nuts,3.5,71,248.5,24.1045,-0.639855072
1097,11/04/2019,11,Zephyr Drinks,Miami,FL,USA,Anne Larsen,South,12/04/2019,Shipping BubblyBurst,Peter Krschne,123 11th Street,Miami,FL,USA,Credit Card,Green Tea,Beverages,2.99,88,263.12,26.04888,0.058832998
1098,01/04/2019,1,QuenchCraft,Seattle,WA,USA,Nancy Freehafer,North,12/04/2019,Shipping BubblyBurst,Anna Bedecs,123 1st Street,Seattle,WA,USA,Credit Card,Chai,Beverages,18,55,990,97.02,2.762541806
1099,29/05/2019,29,BubblyBurst,Denver,CO,USA,Jan Kotas,West,31/05/2019,Shipping Company B,Soo Jung Lee,789 29th Street,Denver,CO,USA,Check,Chocolate,Candy,12.75,14,178.5,16.9575,-0.81969697
1100,03/05/2019,3,BubblyBurst,Los Angelas,CA,USA,Mariya Sergienko,West,05/05/2019,Shipping Company B,Thomas Axerr,123 3rd Street,Los Angelas,CA,USA,Cash,Clam Chowder,Soups,9.65,43,414.95,42.3249,1.32464986
1101,06/05/2019,6,SparkleCraft,Milwaukee,WI,USA,Michael Neipper,North,08/05/2019,Shipping Company B,Francisco Pérez-Olaeta,123 6th Street,Milwaukee,WI,USA,Credit Card,Curry Sauce,Sauces,40,63,2520,254.52,5.073020846
1102,28/05/2019,28,BlissBrew,Memphis,TN,USA,Anne Larsen,South,30/05/2019,Shipping BubblyBurst,Amritansh Raghav,789 28th Street,Memphis,TN,USA,Check,Coffee,Beverages,46,36,1656,165.6,-0.342857143
1103,08/05/2019,8,Tasty Tingles,Portland,OR,USA,Nancy Freehafer,North,10/05/2019,Shipping BubblyBurst,Elizabeth Andersen,123 8th Street,Portland,OR,USA,Check,Chocolate,Candy,12.75,41,522.75,54.366,-0.68432971
1104,10/05/2019,10,Froth & Fusion,Chicago,IL,USA,Laura Giussani,East,12/05/2019,Shipping Company B,Roland Wacker,123 10th Street,Chicago,IL,USA,Credit Card,Green Tea,Beverages,2.99,35,104.65,10.2557,-0.799808704
1105,07/05/2019,7,Company G,Boise,ID,USA,Nancy Freehafer,North,12/05/2019,Shipping Company B,Ming-Yang Xie,123 7th Street,Boise,ID,USA,Credit Card,Coffee,Beverages,46,31,1426,136.896,12.62637363
1106,10/05/2019,10,Froth & Fusion,Chicago,IL,USA,Laura Giussani,East,12/05/2019,Shipping QuenchCraft,Roland Wacker,123 10th Street,Chicago,IL,USA,Credit Card,Boysenberry Spread,"Jams, Preserves",25,52,1300,123.5,-0.088359046
1107,10/05/2019,10,Froth & Fusion,Chicago,IL,USA,Laura Giussani,East,12/05/2019,Shipping QuenchCraft,Roland Wacker,123 10th Street,Chicago,IL,USA,Credit Card,Cajun Seasoning,Condiments,22,30,660,67.32,-0.492307692
1108,10/05/2019,10,Froth & Fusion,Chicago,IL,USA,Laura Giussani,East,12/05/2019,Shipping QuenchCraft,Roland Wacker,123 10th Street,Chicago,IL,USA,Credit Card,Chocolate Biscuits Mix,Baked Goods & Mixes,9.2,41,377.2,38.4744,-0.428484848
1109,11/05/2019,11,Zephyr Drinks,Miami,FL,USA,Anne Larsen,South,12/05/2019,Shipping BubblyBurst,Peter Krschne,123 11th Street,Miami,FL,USA,Credit Card,Dried Plums,Dried Fruit & Nuts,3.5,44,154,15.246,-0.591728526
1110,11/05/2019,11,Zephyr Drinks,Miami,FL,USA,Anne Larsen,South,12/05/2019,Shipping BubblyBurst,Peter Krschne,123 11th Street,Miami,FL,USA,Credit Card,Green Tea,Beverages,2.99,77,230.23,23.023,0.495
1111,01/05/2019,1,QuenchCraft,Seattle,WA,USA,Nancy Freehafer,North,12/05/2019,Shipping BubblyBurst,Anna Bedecs,123 1st Street,Seattle,WA,USA,Credit Card,Chai,Beverages,18,29,522,52.722,1.267297919
1112,01/05/2019,1,QuenchCraft,Seattle,WA,USA,Nancy Freehafer,North,12/05/2019,Shipping BubblyBurst,Anna Bedecs,123 1st Street,Seattle,WA,USA,Credit Card,Coffee,Beverages,46,77,3542,368.368,5.785440613
1113,01/05/2019,1,QuenchCraft,Seattle,WA,USA,Nancy Freehafer,North,12/05/2019,Shipping BubblyBurst,Anna Bedecs,123 1st Street,Seattle,WA,USA,Credit Card,Green Tea,Beverages,2.99,73,218.27,21.827,-0.938376623
1114,28/05/2019,28,BlissBrew,Memphis,TN,USA,Anne Larsen,South,30/05/2019,Shipping BubblyBurst,Amritansh Raghav,789 28th Street,Memphis,TN,USA,Credit Card,Clam Chowder,Soups,9.65,74,714.1,67.8395,2.271636047
1115,28/05/2019,28,BlissBrew,Memphis,TN,USA,Anne Larsen,South,30/05/2019,Shipping BubblyBurst,Amritansh Raghav,789 28th Street,Memphis,TN,USA,Credit Card,Crab Meat,Canned Meat,18.4,25,460,46.46,-0.355832516
1116,09/05/2019,9,InfuZest,Salt Lake City,UT,USA,Robert Zare,West,11/05/2019,Shipping QuenchCraft,Sven Mortensen,123 9th Street,Salt Lake City,UT,USA,Check,Ravioli,Pasta,19.5,82,1599,153.504,2.476086957
1117,09/05/2019,9,InfuZest,Salt Lake City,UT,USA,Robert Zare,West,11/05/2019,Shipping QuenchCraft,Sven Mortensen,123 9th Street,Salt Lake City,UT,USA,Check,Mozzarella,Dairy Products,34.8,37,1287.6,132.6228,-0.194746717
1118,06/05/2019,6,SparkleCraft,Milwaukee,WI,USA,Michael Neipper,North,08/05/2019,Shipping Company B,Francisco Pérez-Olaeta,123 6th Street,Milwaukee,WI,USA,Credit Card,Beer,Beverages,14,84,1176,112.896,-0.08667288
1119,08/05/2019,8,Tasty Tingles,Portland,OR,USA,Nancy Freehafer,North,10/05/2019,Shipping Company B,Elizabeth Andersen,123 8th Street,Portland,OR,USA,Check,Curry Sauce,Sauces,40,73,2920,283.24,1.482993197
1120,08/05/2019,8,Tasty Tingles,Portland,OR,USA,Nancy Freehafer,North,10/05/2019,Shipping Company B,Elizabeth Andersen,123 8th Street,Portland,OR,USA,Check,Chocolate Biscuits Mix,Baked Goods & Mixes,9.2,51,469.2,44.574,-0.839315068
1121,25/05/2019,25,Splashology,Chicago,IL,USA,Laura Giussani,East,27/05/2019,Shipping QuenchCraft,John Rodman,789 25th Street,Chicago,IL,USA,Cash,Scones,Baked Goods & Mixes,10,66,660,68.64,0.406649616
1122,26/05/2019,26,BrewVibe,Miami,FL,USA,Anne Larsen,South,28/05/2019,Shipping BubblyBurst,Run Liu,789 26th Street,Miami,FL,USA,Credit Card,Olive Oil,Oil,21.35,36,768.6,74.5542,0.164545455
1123,26/05/2019,26,BrewVibe,Miami,FL,USA,Anne Larsen,South,28/05/2019,Shipping BubblyBurst,Run Liu,789 26th Street,Miami,FL,USA,Credit Card,Clam Chowder,Soups,9.65,87,839.55,87.3132,0.092310695
1124,26/05/2019,26,BrewVibe,Miami,FL,USA,Anne Larsen,South,28/05/2019,Shipping BubblyBurst,Run Liu,789 26th Street,Miami,FL,USA,Credit Card,Crab Meat,Canned Meat,18.4,64,1177.6,115.4048,0.402656185
1125,29/05/2019,29,BubblyBurst,Denver,CO,USA,Jan Kotas,West,31/05/2019,Shipping Company B,Soo Jung Lee,789 29th Street,Denver,CO,USA,Check,Beer,Beverages,14,21,294,30.87,-0.750339674
1126,06/05/2019,6,SparkleCraft,Milwaukee,WI,USA,Michael Neipper,North,08/05/2019,Shipping BubblyBurst,Francisco Pérez-Olaeta,123 6th Street,Milwaukee,WI,USA,Check,Chocolate,Candy,12.75,19,242.25,24.46725,-0.176020408
1128,04/05/2019,4,Liquid Harmony,New York,NY,USA,Andrew Cencini,East,06/05/2019,Shipping QuenchCraft,Christina Lee,123 4th Street,New York,NY,USA,Credit Card,Marmalade,"Jams, Preserves",81,23,1863,195.615,6.690402477
1129,04/05/2019,4,Liquid Harmony,New York,NY,USA,Andrew Cencini,East,06/05/2019,Shipping QuenchCraft,Christina Lee,123 4th Street,New York,NY,USA,Credit Card,Long Grain Rice,Grains,7,72,504,51.912,-0.729468599
1131,08/05/2019,8,Tasty Tingles,Portland,OR,USA,Nancy Freehafer,North,10/05/2019,Shipping BubblyBurst,Elizabeth Andersen,123 8th Street,Portland,OR,USA,Credit Card,Mozzarella,Dairy Products,34.8,22,765.6,75.0288,0.519047619
1134,03/05/2019,3,BubblyBurst,Los Angelas,CA,USA,Mariya Sergienko,West,05/05/2019,Shipping Company B,Thomas Axerr,123 3rd Street,Los Angelas,CA,USA,Cash,Syrup,Condiments,10,82,820,85.28,0.071055381
1135,03/05/2019,3,BubblyBurst,Los Angelas,CA,USA,Mariya Sergienko,West,05/05/2019,Shipping Company B,Thomas Axerr,123 3rd Street,Los Angelas,CA,USA,Cash,Curry Sauce,Sauces,40,98,3920,411.6,3.780487805
1138,07/06/2019,7,Company G,Boise,ID,USA,Nancy Freehafer,North,05/05/2019,Shipping Company B,Ming-Yang Xie,123 7th Street,Boise,ID,USA,Cash,Coffee,Beverages,46,71,3266,310.27,-0.166836735
1139,10/06/2019,10,Froth & Fusion,Chicago,IL,USA,Laura Giussani,East,12/06/2019,Shipping QuenchCraft,Roland Wacker,123 10th Street,Chicago,IL,USA,Cash,Boysenberry Spread,"Jams, Preserves",25,40,1000,105,-0.693815064
1140,10/06/2019,10,Froth & Fusion,Chicago,IL,USA,Laura Giussani,East,12/06/2019,Shipping QuenchCraft,Roland Wacker,123 10th Street,Chicago,IL,USA,Cash,Cajun Seasoning,Condiments,22,80,1760,172.48,0.76
1141,10/06/2019,10,Froth & Fusion,Chicago,IL,USA,Laura Giussani,East,12/06/2019,Shipping QuenchCraft,Roland Wacker,123 10th Street,Chicago,IL,USA,Cash,Chocolate Biscuits Mix,Baked Goods & Mixes,9.2,38,349.6,33.212,-0.801363636
1142,11/06/2019,11,Zephyr Drinks,Miami,FL,USA,Anne Larsen,South,12/06/2019,Shipping BubblyBurst,Peter Krschne,123 11th Street,Miami,FL,USA,Cash,Dried Plums,Dried Fruit & Nuts,3.5,28,98,10.29,-0.719679634
1143,11/06/2019,11,Zephyr Drinks,Miami,FL,USA,Anne Larsen,South,12/06/2019,Shipping BubblyBurst,Peter Krschne,123 11th Street,Miami,FL,USA,Cash,Green Tea,Beverages,2.99,60,179.4,17.5812,0.830612245
1144,01/06/2019,1,QuenchCraft,Seattle,WA,USA,Nancy Freehafer,North,12/06/2019,Shipping BubblyBurst,Anna Bedecs,123 1st Street,Seattle,WA,USA,Cash,Chai,Beverages,18,33,594,58.212,2.311036789
1145,01/06/2019,1,QuenchCraft,Seattle,WA,USA,Nancy Freehafer,North,12/06/2019,Shipping BubblyBurst,Anna Bedecs,123 1st Street,Seattle,WA,USA,Cash,Coffee,Beverages,46,22,1012,101.2,0.703703704
1146,01/06/2019,1,QuenchCraft,Seattle,WA,USA,Nancy Freehafer,North,12/06/2019,Shipping BubblyBurst,Anna Bedecs,123 1st Street,Seattle,WA,USA,Cash,Green Tea,Beverages,2.99,51,152.49,14.94402,-0.849318182
1147,28/06/2019,28,BlissBrew,Memphis,TN,USA,Anne Larsen,South,30/06/2019,Shipping BubblyBurst,Amritansh Raghav,789 28th Street,Memphis,TN,USA,Credit Card,Clam Chowder,Soups,9.65,60,579,57.321,2.796970293
1148,28/06/2019,28,BlissBrew,Memphis,TN,USA,Anne Larsen,South,30/06/2019,Shipping BubblyBurst,Amritansh Raghav,789 28th Street,Memphis,TN,USA,Credit Card,Crab Meat,Canned Meat,18.4,98,1803.2,183.9264,2.11433506
1149,09/06/2019,9,InfuZest,Salt Lake City,UT,USA,Robert Zare,West,11/06/2019,Shipping QuenchCraft,Sven Mortensen,123 9th Street,Salt Lake City,UT,USA,Check,Ravioli,Pasta,19.5,27,526.5,51.0705,-0.708019077
1150,09/06/2019,9,InfuZest,Salt Lake City,UT,USA,Robert Zare,West,11/06/2019,Shipping QuenchCraft,Sven Mortensen,123 9th Street,Salt Lake City,UT,USA,Check,Mozzarella,Dairy Products,34.8,88,3062.4,303.1776,4.816524217
1151,06/06/2019,6,SparkleCraft,Milwaukee,WI,USA,Michael Neipper,North,08/06/2019,Shipping Company B,Francisco Pérez-Olaeta,123 6th Street,Milwaukee,WI,USA,Credit Card,Beer,Beverages,14,65,910,95.55,-0.70284744
1152,08/06/2019,8,Tasty Tingles,Portland,OR,USA,Nancy Freehafer,North,10/06/2019,Shipping Company B,Elizabeth Andersen,123 8th Street,Portland,OR,USA,Check,Curry Sauce,Sauces,40,38,1520,148.96,0.67032967
1153,08/06/2019,8,Tasty Tingles,Portland,OR,USA,Nancy Freehafer,North,10/06/2019,Shipping Company B,Elizabeth Andersen,123 8th Street,Portland,OR,USA,Check,Chocolate Biscuits Mix,Baked Goods & Mixes,9.2,80,736,70.656,-0.515789474
1154,25/06/2019,25,Splashology,Chicago,IL,USA,Laura Giussani,East,27/06/2019,Shipping QuenchCraft,John Rodman,789 25th Street,Chicago,IL,USA,Cash,Scones,Baked Goods & Mixes,10,49,490,47.04,-0.33423913
1155,26/06/2019,26,BrewVibe,Miami,FL,USA,Anne Larsen,South,28/06/2019,Shipping BubblyBurst,Run Liu,789 26th Street,Miami,FL,USA,Credit Card,Olive Oil,Oil,21.35,90,1921.5,186.3855,2.921428571
1156,26/06/2019,26,BrewVibe,Miami,FL,USA,Anne Larsen,South,28/06/2019,Shipping BubblyBurst,Run Liu,789 26th Street,Miami,FL,USA,Credit Card,Clam Chowder,Soups,9.65,60,579,59.637,-0.698672912
1157,26/06/2019,26,BrewVibe,Miami,FL,USA,Anne Larsen,South,28/06/2019,Shipping BubblyBurst,Run Liu,789 26th Street,Miami,FL,USA,Credit Card,Crab Meat,Canned Meat,18.4,39,717.6,71.76,0.239378238
1158,29/06/2019,29,BubblyBurst,Denver,CO,USA,Jan Kotas,West,01/07/2019,Shipping Company B,Soo Jung Lee,789 29th Street,Denver,CO,USA,Check,Beer,Beverages,14,79,1106,113.918,0.541248606
1159,06/06/2019,6,SparkleCraft,Milwaukee,WI,USA,Michael Neipper,North,08/06/2019,Shipping BubblyBurst,Francisco Pérez-Olaeta,123 6th Street,Milwaukee,WI,USA,Check,Chocolate,Candy,12.75,44,561,57.222,-0.492766727
1161,04/06/2019,4,Liquid Harmony,New York,NY,USA,Andrew Cencini,East,06/06/2019,Shipping QuenchCraft,Christina Lee,123 4th Street,New York,NY,USA,Credit Card,Marmalade,"Jams, Preserves",81,98,7938,769.986,13.14973262
1162,04/06/2019,4,Liquid Harmony,New York,NY,USA,Andrew Cencini,East,06/06/2019,Shipping QuenchCraft,Christina Lee,123 4th Street,New York,NY,USA,Credit Card,Long Grain Rice,Grains,7,61,427,42.273,-0.946208113
1164,08/06/2019,8,Tasty Tingles,Portland,OR,USA,Nancy Freehafer,North,10/06/2019,Shipping BubblyBurst,Elizabeth Andersen,123 8th Street,Portland,OR,USA,Credit Card,Mozzarella,Dairy Products,34.8,30,1044,109.62,1.444964871
1167,03/06/2019,3,BubblyBurst,Los Angelas,CA,USA,Mariya Sergienko,West,05/06/2019,Shipping Company B,Thomas Axerr,123 3rd Street,Los Angelas,CA,USA,Cash,Syrup,Condiments,10,24,240,25.2,-0.770114943
1168,03/06/2019,3,BubblyBurst,Los Angelas,CA,USA,Mariya Sergienko,West,05/06/2019,Shipping Company B,Thomas Axerr,123 3rd Street,Los Angelas,CA,USA,Cash,Curry Sauce,Sauces,40,28,1120,109.76,3.666666667
1172,10/06/2019,10,Froth & Fusion,Chicago,IL,USA,Laura Giussani,East,12/06/2019,Shipping Company B,Roland Wacker,123 10th Street,Chicago,IL,USA,Credit Card,Almonds,Dried Fruit & Nuts,10,74,740,71.78,-0.339285714
1174,10/06/2019,10,Froth & Fusion,Chicago,IL,USA,Laura Giussani,East,12/06/2019,Shipping QuenchCraft,Roland Wacker,123 10th Street,Chicago,IL,USA,Credit Card,Dried Plums,Dried Fruit & Nuts,3.5,90,315,30.24,-0.574324324
1175,11/06/2019,11,Zephyr Drinks,Miami,FL,USA,Anne Larsen,South,12/06/2019,Shipping BubblyBurst,Peter Krschne,123 11th Street,Miami,FL,USA,Credit Card,Curry Sauce,Sauces,40,27,1080,111.24,2.428571429
1176,01/06/2019,1,QuenchCraft,Seattle,WA,USA,Nancy Freehafer,North,12/06/2019,Shipping BubblyBurst,Anna Bedecs,123 1st Street,Seattle,WA,USA,Credit Card,Crab Meat,Canned Meat,18.4,71,1306.4,137.172,0.20962963
1177,28/06/2019,28,BlissBrew,Memphis,TN,USA,Anne Larsen,South,30/06/2019,Shipping BubblyBurst,Amritansh Raghav,789 28th Street,Memphis,TN,USA,Credit Card,Coffee,Beverages,46,74,3404,340.4,1.605633803
1178,09/06/2019,9,InfuZest,Salt Lake City,UT,USA,Robert Zare,West,11/06/2019,Shipping QuenchCraft,Sven Mortensen,123 9th Street,Salt Lake City,UT,USA,Check,Clam Chowder,Soups,9.65,76,733.4,72.6066,-0.784547591
1179,06/06/2019,6,SparkleCraft,Milwaukee,WI,USA,Michael Neipper,North,08/06/2019,Shipping Company B,Francisco Pérez-Olaeta,123 6th Street,Milwaukee,WI,USA,Credit Card,Chocolate,Candy,12.75,96,1224,123.624,0.668939187
1180,08/06/2019,8,Tasty Tingles,Portland,OR,USA,Nancy Freehafer,North,10/06/2019,Shipping Company B,Elizabeth Andersen,123 8th Street,Portland,OR,USA,Check,Chocolate,Candy,12.75,92,1173,116.127,-0.041666667
1181,25/06/2019,25,Splashology,Chicago,IL,USA,Laura Giussani,East,27/06/2019,Shipping QuenchCraft,John Rodman,789 25th Street,Chicago,IL,USA,Cash,Cajun Seasoning,Condiments,22,93,2046,200.508,0.744245524
1182,26/06/2019,26,BrewVibe,Miami,FL,USA,Anne Larsen,South,28/06/2019,Shipping BubblyBurst,Run Liu,789 26th Street,Miami,FL,USA,Credit Card,Boysenberry Spread,"Jams, Preserves",25,18,450,42.75,-0.780058651
1183,29/06/2019,29,BubblyBurst,Denver,CO,USA,Jan Kotas,West,01/07/2019,Shipping Company B,Soo Jung Lee,789 29th Street,Denver,CO,USA,Check,Fruit Cocktail,Fruit & Veg,39,98,3822,397.488,7.493333333
1184,06/06/2019,6,SparkleCraft,Milwaukee,WI,USA,Michael Neipper,North,08/06/2019,Shipping BubblyBurst,Francisco Pérez-Olaeta,123 6th Street,Milwaukee,WI,USA,Check,Dried Pears,Dried Fruit & Nuts,30,46,1380,135.24,-0.638932496
1185,06/06/2019,6,SparkleCraft,Milwaukee,WI,USA,Michael Neipper,North,08/06/2019,Shipping BubblyBurst,Francisco Pérez-Olaeta,123 6th Street,Milwaukee,WI,USA,Check,Dried Apples,Dried Fruit & Nuts,53,14,742,74.2,-0.462318841
1186,04/06/2019,4,Liquid Harmony,New York,NY,USA,Andrew Cencini,East,08/06/2019,Shipping BubblyBurst,Christina Lee,123 4th Street,New York,NY,USA,Check,Gnocchi,Pasta,38,85,3230,319.77,3.35309973
1187,03/06/2019,3,BubblyBurst,Los Angelas,CA,USA,Mariya Sergienko,West,08/06/2019,Shipping BubblyBurst,Thomas Axerr,123 3rd Street,Los Angelas,CA,USA,Check,Green Tea,Beverages,2.99,88,263.12,25.52264,-0.9185387
1188,01/07/2019,1,QuenchCraft,Seattle,WA,USA,Nancy Freehafer,North,08/06/2019,Shipping BubblyBurst,Anna Bedecs,123 1st Street,Seattle,WA,USA,Check,Green Tea,Beverages,2.99,81,242.19,23.97681,-0.079545455
1189,28/07/2019,28,BlissBrew,Memphis,TN,USA,Anne Larsen,South,30/07/2019,Shipping BubblyBurst,Amritansh Raghav,789 28th Street,Memphis,TN,USA,Credit Card,Clam Chowder,Soups,9.65,33,318.45,30.25275,0.31487675
1190,28/07/2019,28,BlissBrew,Memphis,TN,USA,Anne Larsen,South,30/07/2019,Shipping BubblyBurst,Amritansh Raghav,789 28th Street,Memphis,TN,USA,Credit Card,Crab Meat,Canned Meat,18.4,47,864.8,90.804,1.715653949
1191,09/07/2019,9,InfuZest,Salt Lake City,UT,USA,Robert Zare,West,11/07/2019,Shipping QuenchCraft,Sven Mortensen,123 9th Street,Salt Lake City,UT,USA,Check,Ravioli,Pasta,19.5,61,1189.5,123.708,0.375462535
1192,09/07/2019,9,InfuZest,Salt Lake City,UT,USA,Robert Zare,West,11/07/2019,Shipping QuenchCraft,Sven Mortensen,123 9th Street,Salt Lake City,UT,USA,Check,Mozzarella,Dairy Products,34.8,27,939.6,95.8392,-0.210088272
1193,06/07/2019,6,SparkleCraft,Milwaukee,WI,USA,Michael Neipper,North,08/07/2019,Shipping Company B,Francisco Pérez-Olaeta,123 6th Street,Milwaukee,WI,USA,Credit Card,Beer,Beverages,14,84,1176,118.776,0.251596424
1194,08/07/2019,8,Tasty Tingles,Portland,OR,USA,Nancy Freehafer,North,10/07/2019,Shipping Company B,Elizabeth Andersen,123 8th Street,Portland,OR,USA,Check,Curry Sauce,Sauces,40,91,3640,360.36,2.095238095
1195,08/07/2019,8,Tasty Tingles,Portland,OR,USA,Nancy Freehafer,North,10/07/2019,Shipping Company B,Elizabeth Andersen,123 8th Street,Portland,OR,USA,Check,Chocolate Biscuits Mix,Baked Goods & Mixes,9.2,36,331.2,34.4448,-0.909010989
1196,25/07/2019,25,Splashology,Chicago,IL,USA,Laura Giussani,East,27/07/2019,Shipping QuenchCraft,John Rodman,789 25th Street,Chicago,IL,USA,Cash,Scones,Baked Goods & Mixes,10,34,340,34.34,0.026570048
1197,26/07/2019,26,BrewVibe,Miami,FL,USA,Anne Larsen,South,28/07/2019,Shipping BubblyBurst,Run Liu,789 26th Street,Miami,FL,USA,Credit Card,Olive Oil,Oil,21.35,81,1729.35,178.12305,4.086323529
1198,26/07/2019,26,BrewVibe,Miami,FL,USA,Anne Larsen,South,28/07/2019,Shipping BubblyBurst,Run Liu,789 26th Street,Miami,FL,USA,Credit Card,Clam Chowder,Soups,9.65,25,241.25,23.40125,-0.860496718
1199,26/07/2019,26,BrewVibe,Miami,FL,USA,Anne Larsen,South,28/07/2019,Shipping BubblyBurst,Run Liu,789 26th Street,Miami,FL,USA,Credit Card,Crab Meat,Canned Meat,18.4,12,220.8,22.08,-0.084766839
1200,29/07/2019,29,BubblyBurst,Denver,CO,USA,Jan Kotas,West,31/07/2019,Shipping Company B,Soo Jung Lee,789 29th Street,Denver,CO,USA,Check,Beer,Beverages,14,23,322,30.912,0.458333333
1201,06/07/2019,6,SparkleCraft,Milwaukee,WI,USA,Michael Neipper,North,08/07/2019,Shipping BubblyBurst,Francisco Pérez-Olaeta,123 6th Street,Milwaukee,WI,USA,Check,Chocolate,Candy,12.75,76,969,97.869,2.00931677
1203,04/07/2019,4,Liquid Harmony,New York,NY,USA,Andrew Cencini,East,06/07/2019,Shipping QuenchCraft,Christina Lee,123 4th Street,New York,NY,USA,Credit Card,Marmalade,"Jams, Preserves",81,55,4455,445.5,3.59752322
1204,04/07/2019,4,Liquid Harmony,New York,NY,USA,Andrew Cencini,East,06/07/2019,Shipping QuenchCraft,Christina Lee,123 4th Street,New York,NY,USA,Credit Card,Long Grain Rice,Grains,7,19,133,12.901,-0.970145903
1206,08/07/2019,8,Tasty Tingles,Portland,OR,USA,Nancy Freehafer,North,10/07/2019,Shipping BubblyBurst,Elizabeth Andersen,123 8th Street,Portland,OR,USA,Credit Card,Mozzarella,Dairy Products,34.8,27,939.6,89.262,6.064661654
1209,03/07/2019,3,BubblyBurst,Los Angelas,CA,USA,Mariya Sergienko,West,05/07/2019,Shipping Company B,Thomas Axerr,123 3rd Street,Los Angelas,CA,USA,Cash,Syrup,Condiments,10,99,990,95.04,0.053639847
1210,03/07/2019,3,BubblyBurst,Los Angelas,CA,USA,Mariya Sergienko,West,05/07/2019,Shipping Company B,Thomas Axerr,123 3rd Street,Los Angelas,CA,USA,Cash,Curry Sauce,Sauces,40,10,400,40,-0.595959596
1214,10/07/2019,10,Froth & Fusion,Chicago,IL,USA,Laura Giussani,East,12/07/2019,Shipping Company B,Roland Wacker,123 10th Street,Chicago,IL,USA,Credit Card,Almonds,Dried Fruit & Nuts,10,80,800,77.6,1
1216,10/07/2019,10,Froth & Fusion,Chicago,IL,USA,Laura Giussani,East,12/07/2019,Shipping QuenchCraft,Roland Wacker,123 10th Street,Chicago,IL,USA,Credit Card,Dried Plums,Dried Fruit & Nuts,3.5,27,94.5,9.072,-0.881875
1217,11/07/2019,11,Zephyr Drinks,Miami,FL,USA,Anne Larsen,South,12/07/2019,Shipping BubblyBurst,Peter Krschne,123 11th Street,Miami,FL,USA,Credit Card,Curry Sauce,Sauces,40,97,3880,380.24,40.05820106
1218,01/07/2019,1,QuenchCraft,Seattle,WA,USA,Nancy Freehafer,North,12/07/2019,Shipping BubblyBurst,Anna Bedecs,123 1st Street,Seattle,WA,USA,Credit Card,Crab Meat,Canned Meat,18.4,42,772.8,80.3712,-0.800824742
1219,28/07/2019,28,BlissBrew,Memphis,TN,USA,Anne Larsen,South,30/07/2019,Shipping BubblyBurst,Amritansh Raghav,789 28th Street,Memphis,TN,USA,Credit Card,Coffee,Beverages,46,24,1104,105.984,0.428571429
1220,09/07/2019,9,InfuZest,Salt Lake City,UT,USA,Robert Zare,West,11/07/2019,Shipping QuenchCraft,Sven Mortensen,123 9th Street,Salt Lake City,UT,USA,Check,Clam Chowder,Soups,9.65,90,868.5,83.376,-0.213315217
1221,06/07/2019,6,SparkleCraft,Milwaukee,WI,USA,Michael Neipper,North,08/07/2019,Shipping Company B,Francisco Pérez-Olaeta,123 6th Street,Milwaukee,WI,USA,Credit Card,Chocolate,Candy,12.75,28,357,35.7,-0.588946459
1222,28/08/2019,28,BlissBrew,Memphis,TN,USA,Anne Larsen,South,30/08/2019,Shipping BubblyBurst,Amritansh Raghav,789 28th Street,Memphis,TN,USA,Check,Coffee,Beverages,46,28,1288,133.952,2.607843137
1223,08/08/2019,8,Tasty Tingles,Portland,OR,USA,Nancy Freehafer,North,10/08/2019,Shipping BubblyBurst,Elizabeth Andersen,123 8th Street,Portland,OR,USA,Check,Chocolate,Candy,12.75,57,726.75,69.768,-0.435753106
1224,10/08/2019,10,Froth & Fusion,Chicago,IL,USA,Laura Giussani,East,12/08/2019,Shipping Company B,Roland Wacker,123 10th Street,Chicago,IL,USA,Credit Card,Green Tea,Beverages,2.99,23,68.77,6.67069,-0.905373237
1225,07/08/2019,7,Company G,Boise,ID,USA,Nancy Freehafer,North,12/08/2019,Shipping Company B,Ming-Yang Xie,123 7th Street,Boise,ID,USA,Credit Card,Coffee,Beverages,46,86,3956,399.556,56.52508361
1226,10/08/2019,10,Froth & Fusion,Chicago,IL,USA,Laura Giussani,East,12/08/2019,Shipping QuenchCraft,Roland Wacker,123 10th Street,Chicago,IL,USA,Credit Card,Boysenberry Spread,"Jams, Preserves",25,47,1175,116.325,-0.702982811
1227,10/08/2019,10,Froth & Fusion,Chicago,IL,USA,Laura Giussani,East,12/08/2019,Shipping QuenchCraft,Roland Wacker,123 10th Street,Chicago,IL,USA,Credit Card,Cajun Seasoning,Condiments,22,97,2134,221.936,0.816170213
1228,10/08/2019,10,Froth & Fusion,Chicago,IL,USA,Laura Giussani,East,12/08/2019,Shipping QuenchCraft,Roland Wacker,123 10th Street,Chicago,IL,USA,Credit Card,Chocolate Biscuits Mix,Baked Goods & Mixes,9.2,96,883.2,86.5536,-0.586129335
1229,11/08/2019,11,Zephyr Drinks,Miami,FL,USA,Anne Larsen,South,12/08/2019,Shipping BubblyBurst,Peter Krschne,123 11th Street,Miami,FL,USA,Credit Card,Dried Plums,Dried Fruit & Nuts,3.5,31,108.5,10.85,-0.877151268
1230,11/08/2019,11,Zephyr Drinks,Miami,FL,USA,Anne Larsen,South,12/08/2019,Shipping BubblyBurst,Peter Krschne,123 11th Street,Miami,FL,USA,Credit Card,Green Tea,Beverages,2.99,52,155.48,16.01444,0.432995392
1231,01/08/2019,1,QuenchCraft,Seattle,WA,USA,Nancy Freehafer,North,12/08/2019,Shipping BubblyBurst,Anna Bedecs,123 1st Street,Seattle,WA,USA,Credit Card,Chai,Beverages,18,91,1638,158.886,9.535117057
1232,01/08/2019,1,QuenchCraft,Seattle,WA,USA,Nancy Freehafer,North,12/08/2019,Shipping BubblyBurst,Anna Bedecs,123 1st Street,Seattle,WA,USA,Credit Card,Coffee,Beverages,46,14,644,63.756,-0.606837607
1233,01/08/2019,1,QuenchCraft,Seattle,WA,USA,Nancy Freehafer,North,12/08/2019,Shipping BubblyBurst,Anna Bedecs,123 1st Street,Seattle,WA,USA,Credit Card,Green Tea,Beverages,2.99,44,131.56,13.28756,-0.795714286
1234,28/08/2019,28,BlissBrew,Memphis,TN,USA,Anne Larsen,South,30/08/2019,Shipping BubblyBurst,Amritansh Raghav,789 28th Street,Memphis,TN,USA,Credit Card,Clam Chowder,Soups,9.65,97,936.05,95.4771,6.115004561
1235,28/08/2019,28,BlissBrew,Memphis,TN,USA,Anne Larsen,South,30/08/2019,Shipping BubblyBurst,Amritansh Raghav,789 28th Street,Memphis,TN,USA,Credit Card,Crab Meat,Canned Meat,18.4,80,1472,150.144,0.572565568
1236,09/08/2019,9,InfuZest,Salt Lake City,UT,USA,Robert Zare,West,11/08/2019,Shipping QuenchCraft,Sven Mortensen,123 9th Street,Salt Lake City,UT,USA,Check,Ravioli,Pasta,19.5,66,1287,132.561,-0.125679348
1237,09/08/2019,9,InfuZest,Salt Lake City,UT,USA,Robert Zare,West,11/08/2019,Shipping QuenchCraft,Sven Mortensen,123 9th Street,Salt Lake City,UT,USA,Check,Mozzarella,Dairy Products,34.8,32,1113.6,111.36,-0.134731935
1238,06/08/2019,6,SparkleCraft,Milwaukee,WI,USA,Michael Neipper,North,08/08/2019,Shipping Company B,Francisco Pérez-Olaeta,123 6th Street,Milwaukee,WI,USA,Credit Card,Beer,Beverages,14,52,728,72.8,-0.346264368
1239,08/08/2019,8,Tasty Tingles,Portland,OR,USA,Nancy Freehafer,North,10/08/2019,Shipping Company B,Elizabeth Andersen,123 8th Street,Portland,OR,USA,Check,Curry Sauce,Sauces,40,78,3120,318.24,3.285714286
1240,08/08/2019,8,Tasty Tingles,Portland,OR,USA,Nancy Freehafer,North,10/08/2019,Shipping Company B,Elizabeth Andersen,123 8th Street,Portland,OR,USA,Check,Chocolate Biscuits Mix,Baked Goods & Mixes,9.2,54,496.8,49.1832,-0.840769231
1241,25/08/2019,25,Splashology,Chicago,IL,USA,Laura Giussani,East,27/08/2019,Shipping QuenchCraft,John Rodman,789 25th Street,Chicago,IL,USA,Cash,Scones,Baked Goods & Mixes,10,55,550,52.25,0.107085346
1242,26/08/2019,26,BrewVibe,Miami,FL,USA,Anne Larsen,South,28/08/2019,Shipping BubblyBurst,Run Liu,789 26th Street,Miami,FL,USA,Credit Card,Olive Oil,Oil,21.35,60,1281,129.381,1.329090909
1243,26/08/2019,26,BrewVibe,Miami,FL,USA,Anne Larsen,South,28/08/2019,Shipping BubblyBurst,Run Liu,789 26th Street,Miami,FL,USA,Credit Card,Clam Chowder,Soups,9.65,19,183.35,17.41825,-0.856869633
1244,26/08/2019,26,BrewVibe,Miami,FL,USA,Anne Larsen,South,28/08/2019,Shipping BubblyBurst,Run Liu,789 26th Street,Miami,FL,USA,Credit Card,Crab Meat,Canned Meat,18.4,66,1214.4,125.0832,5.623397873
1245,29/08/2019,29,BubblyBurst,Denver,CO,USA,Jan Kotas,West,31/08/2019,Shipping Company B,Soo Jung Lee,789 29th Street,Denver,CO,USA,Check,Beer,Beverages,14,42,588,59.388,-0.515810277
1246,06/08/2019,6,SparkleCraft,Milwaukee,WI,USA,Michael Neipper,North,08/08/2019,Shipping BubblyBurst,Francisco Pérez-Olaeta,123 6th Street,Milwaukee,WI,USA,Check,Chocolate,Candy,12.75,72,918,89.046,0.56122449
1248,04/08/2019,4,Liquid Harmony,New York,NY,USA,Andrew Cencini,East,06/08/2019,Shipping QuenchCraft,Christina Lee,123 4th Street,New York,NY,USA,Credit Card,Marmalade,"Jams, Preserves",81,32,2592,251.424,1.823529412
1249,04/08/2019,4,Liquid Harmony,New York,NY,USA,Andrew Cencini,East,06/08/2019,Shipping QuenchCraft,Christina Lee,123 4th Street,New York,NY,USA,Credit Card,Long Grain Rice,Grains,7,76,532,53.732,-0.794753086
1250,10/09/2019,10,Froth & Fusion,Chicago,IL,USA,Laura Giussani,East,12/09/2019,Shipping QuenchCraft,Roland Wacker,123 10th Street,Chicago,IL,USA,Credit Card,Chocolate Biscuits Mix,Baked Goods & Mixes,9.2,83,763.6,74.8328,0.435338346
1251,11/09/2019,11,Zephyr Drinks,Miami,FL,USA,Anne Larsen,South,12/09/2019,Shipping BubblyBurst,Peter Krschne,123 11th Street,Miami,FL,USA,Credit Card,Dried Plums,Dried Fruit & Nuts,3.5,91,318.5,31.213,-0.582896805
1252,11/09/2019,11,Zephyr Drinks,Miami,FL,USA,Anne Larsen,South,12/09/2019,Shipping BubblyBurst,Peter Krschne,123 11th Street,Miami,FL,USA,Credit Card,Green Tea,Beverages,2.99,64,191.36,19.51872,-0.399183673
1253,01/09/2019,1,QuenchCraft,Seattle,WA,USA,Nancy Freehafer,North,12/09/2019,Shipping BubblyBurst,Anna Bedecs,123 1st Street,Seattle,WA,USA,Credit Card,Chai,Beverages,18,58,1044,103.356,4.455685619
1254,01/09/2019,1,QuenchCraft,Seattle,WA,USA,Nancy Freehafer,North,12/09/2019,Shipping BubblyBurst,Anna Bedecs,123 1st Street,Seattle,WA,USA,Credit Card,Coffee,Beverages,46,97,4462,464.048,3.27394636
1255,01/09/2019,1,QuenchCraft,Seattle,WA,USA,Nancy Freehafer,North,12/09/2019,Shipping BubblyBurst,Anna Bedecs,123 1st Street,Seattle,WA,USA,Credit Card,Green Tea,Beverages,2.99,14,41.86,4.35344,-0.990618557
1256,28/09/2019,28,BlissBrew,Memphis,TN,USA,Anne Larsen,South,30/09/2019,Shipping BubblyBurst,Amritansh Raghav,789 28th Street,Memphis,TN,USA,Credit Card,Clam Chowder,Soups,9.65,68,656.2,64.3076,14.67606307
1257,28/09/2019,28,BlissBrew,Memphis,TN,USA,Anne Larsen,South,30/09/2019,Shipping BubblyBurst,Amritansh Raghav,789 28th Street,Memphis,TN,USA,Credit Card,Crab Meat,Canned Meat,18.4,32,588.8,58.88,-0.102712588
1258,09/09/2019,9,InfuZest,Salt Lake City,UT,USA,Robert Zare,West,11/09/2019,Shipping QuenchCraft,Sven Mortensen,123 9th Street,Salt Lake City,UT,USA,Check,Ravioli,Pasta,19.5,48,936,94.536,0.589673913
1259,09/09/2019,9,InfuZest,Salt Lake City,UT,USA,Robert Zare,West,11/09/2019,Shipping QuenchCraft,Sven Mortensen,123 9th Street,Salt Lake City,UT,USA,Check,Mozzarella,Dairy Products,34.8,57,1983.6,194.3928,1.119230769
1260,06/09/2019,6,SparkleCraft,Milwaukee,WI,USA,Michael Neipper,North,08/09/2019,Shipping Company B,Francisco Pérez-Olaeta,123 6th Street,Milwaukee,WI,USA,Credit Card,Beer,Beverages,14,67,938,98.49,-0.527122404
1261,08/09/2019,8,Tasty Tingles,Portland,OR,USA,Nancy Freehafer,North,10/09/2019,Shipping Company B,Elizabeth Andersen,123 8th Street,Portland,OR,USA,Check,Curry Sauce,Sauces,40,48,1920,188.16,1.046908316
1262,08/09/2019,8,Tasty Tingles,Portland,OR,USA,Nancy Freehafer,North,10/09/2019,Shipping Company B,Elizabeth Andersen,123 8th Street,Portland,OR,USA,Check,Chocolate Biscuits Mix,Baked Goods & Mixes,9.2,77,708.4,72.2568,-0.631041667
1263,25/09/2019,25,Splashology,Chicago,IL,USA,Laura Giussani,East,27/09/2019,Shipping QuenchCraft,John Rodman,789 25th Street,Chicago,IL,USA,Cash,Scones,Baked Goods & Mixes,10,94,940,97.76,0.326933936
1264,26/09/2019,26,BrewVibe,Miami,FL,USA,Anne Larsen,South,28/09/2019,Shipping BubblyBurst,Run Liu,789 26th Street,Miami,FL,USA,Credit Card,Olive Oil,Oil,21.35,54,1152.9,121.0545,0.226489362
1265,26/09/2019,26,BrewVibe,Miami,FL,USA,Anne Larsen,South,28/09/2019,Shipping BubblyBurst,Run Liu,789 26th Street,Miami,FL,USA,Credit Card,Clam Chowder,Soups,9.65,43,414.95,40.25015,-0.640081534
1266,26/09/2019,26,BrewVibe,Miami,FL,USA,Anne Larsen,South,28/09/2019,Shipping BubblyBurst,Run Liu,789 26th Street,Miami,FL,USA,Credit Card,Crab Meat,Canned Meat,18.4,71,1306.4,134.5592,2.148331124
1267,29/09/2019,29,BubblyBurst,Denver,CO,USA,Jan Kotas,West,01/10/2019,Shipping Company B,Soo Jung Lee,789 29th Street,Denver,CO,USA,Check,Beer,Beverages,14,50,700,67.2,-0.464176363
1268,06/09/2019,6,SparkleCraft,Milwaukee,WI,USA,Michael Neipper,North,08/09/2019,Shipping BubblyBurst,Francisco Pérez-Olaeta,123 6th Street,Milwaukee,WI,USA,Check,Chocolate,Candy,12.75,96,1224,119.952,0.748571429
1270,04/09/2019,4,Liquid Harmony,New York,NY,USA,Andrew Cencini,East,06/09/2019,Shipping QuenchCraft,Christina Lee,123 4th Street,New York,NY,USA,Credit Card,Marmalade,"Jams, Preserves",81,54,4374,437.4,2.573529412
1271,04/09/2019,4,Liquid Harmony,New York,NY,USA,Andrew Cencini,East,06/09/2019,Shipping QuenchCraft,Christina Lee,123 4th Street,New York,NY,USA,Credit Card,Long Grain Rice,Grains,7,39,273,27.3,-0.937585734
1273,08/09/2019,8,Tasty Tingles,Portland,OR,USA,Nancy Freehafer,North,10/09/2019,Shipping BubblyBurst,Elizabeth Andersen,123 8th Street,Portland,OR,USA,Credit Card,Mozzarella,Dairy Products,34.8,63,2192.4,230.202,7.030769231
1276,03/09/2019,3,BubblyBurst,Los Angelas,CA,USA,Mariya Sergienko,West,05/09/2019,Shipping Company B,Thomas Axerr,123 3rd Street,Los Angelas,CA,USA,Cash,Syrup,Condiments,10,71,710,73.13,-0.676153986
1277,03/09/2019,3,BubblyBurst,Los Angelas,CA,USA,Mariya Sergienko,West,05/09/2019,Shipping Company B,Thomas Axerr,123 3rd Street,Los Angelas,CA,USA,Cash,Curry Sauce,Sauces,40,88,3520,366.08,3.957746479
1281,10/09/2019,10,Froth & Fusion,Chicago,IL,USA,Laura Giussani,East,12/09/2019,Shipping Company B,Roland Wacker,123 10th Street,Chicago,IL,USA,Credit Card,Almonds,Dried Fruit & Nuts,10,59,590,59.59,-0.832386364
1282,06/10/2019,6,SparkleCraft,Milwaukee,WI,USA,Michael Neipper,North,08/10/2019,Shipping Company B,Francisco Pérez-Olaeta,123 6th Street,Milwaukee,WI,USA,Credit Card,Curry Sauce,Sauces,40,94,3760,376,5.372881356
1283,28/10/2019,28,BlissBrew,Memphis,TN,USA,Anne Larsen,South,30/10/2019,Shipping BubblyBurst,Amritansh Raghav,789 28th Street,Memphis,TN,USA,Check,Coffee,Beverages,46,86,3956,379.776,0.05212766
1284,08/10/2019,8,Tasty Tingles,Portland,OR,USA,Nancy Freehafer,North,10/10/2019,Shipping BubblyBurst,Elizabeth Andersen,123 8th Street,Portland,OR,USA,Check,Chocolate,Candy,12.75,61,777.75,78.55275,-0.803399899
1285,10/10/2019,10,Froth & Fusion,Chicago,IL,USA,Laura Giussani,East,12/10/2019,Shipping Company B,Roland Wacker,123 10th Street,Chicago,IL,USA,Credit Card,Green Tea,Beverages,2.99,32,95.68,9.75936,-0.876978464
1286,07/10/2019,7,Company G,Boise,ID,USA,Nancy Freehafer,North,12/10/2019,Shipping Company B,Ming-Yang Xie,123 7th Street,Boise,ID,USA,Credit Card,Coffee,Beverages,46,62,2852,290.904,28.80769231
1287,10/10/2019,10,Froth & Fusion,Chicago,IL,USA,Laura Giussani,East,12/10/2019,Shipping QuenchCraft,Roland Wacker,123 10th Street,Chicago,IL,USA,Credit Card,Boysenberry Spread,"Jams, Preserves",25,60,1500,154.5,-0.474053296
1288,10/10/2019,10,Froth & Fusion,Chicago,IL,USA,Laura Giussani,East,12/10/2019,Shipping QuenchCraft,Roland Wacker,123 10th Street,Chicago,IL,USA,Credit Card,Cajun Seasoning,Condiments,22,51,1122,109.956,-0.252
1289,10/10/2019,10,Froth & Fusion,Chicago,IL,USA,Laura Giussani,East,12/10/2019,Shipping QuenchCraft,Roland Wacker,123 10th Street,Chicago,IL,USA,Credit Card,Chocolate Biscuits Mix,Baked Goods & Mixes,9.2,49,450.8,44.6292,-0.598217469
1290,11/10/2019,11,Zephyr Drinks,Miami,FL,USA,Anne Larsen,South,12/10/2019,Shipping BubblyBurst,Peter Krschne,123 11th Street,Miami,FL,USA,Credit Card,Dried Plums,Dried Fruit & Nuts,3.5,20,70,6.93,-0.844720497
1291,11/10/2019,11,Zephyr Drinks,Miami,FL,USA,Anne Larsen,South,12/10/2019,Shipping BubblyBurst,Peter Krschne,123 11th Street,Miami,FL,USA,Credit Card,Green Tea,Beverages,2.99,49,146.51,14.651,1.093
1292,01/10/2019,1,QuenchCraft,Seattle,WA,USA,Nancy Freehafer,North,12/10/2019,Shipping BubblyBurst,Anna Bedecs,123 1st Street,Seattle,WA,USA,Credit Card,Chai,Beverages,18,22,396,38.016,1.702887175
1293,01/10/2019,1,QuenchCraft,Seattle,WA,USA,Nancy Freehafer,North,12/10/2019,Shipping BubblyBurst,Anna Bedecs,123 1st Street,Seattle,WA,USA,Credit Card,Coffee,Beverages,46,73,3358,339.158,7.47979798
1294,01/10/2019,1,QuenchCraft,Seattle,WA,USA,Nancy Freehafer,North,12/10/2019,Shipping BubblyBurst,Anna Bedecs,123 1st Street,Seattle,WA,USA,Credit Card,Green Tea,Beverages,2.99,85,254.15,24.65255,-0.924315068
1295,28/10/2019,28,BlissBrew,Memphis,TN,USA,Anne Larsen,South,30/10/2019,Shipping BubblyBurst,Amritansh Raghav,789 28th Street,Memphis,TN,USA,Credit Card,Clam Chowder,Soups,9.65,44,424.6,44.1584,0.670666929
1296,28/10/2019,28,BlissBrew,Memphis,TN,USA,Anne Larsen,South,30/10/2019,Shipping BubblyBurst,Amritansh Raghav,789 28th Street,Memphis,TN,USA,Credit Card,Crab Meat,Canned Meat,18.4,24,441.6,42.8352,0.040037683
1297,09/10/2019,9,InfuZest,Salt Lake City,UT,USA,Robert Zare,West,11/10/2019,Shipping QuenchCraft,Sven Mortensen,123 9th Street,Salt Lake City,UT,USA,Check,Ravioli,Pasta,19.5,64,1248,119.808,1.826086957
1298,09/10/2019,9,InfuZest,Salt Lake City,UT,USA,Robert Zare,West,11/10/2019,Shipping QuenchCraft,Sven Mortensen,123 9th Street,Salt Lake City,UT,USA,Check,Mozzarella,Dairy Products,34.8,70,2436,246.036,0.951923077
1299,06/10/2019,6,SparkleCraft,Milwaukee,WI,USA,Michael Neipper,North,08/10/2019,Shipping Company B,Francisco Pérez-Olaeta,123 6th Street,Milwaukee,WI,USA,Credit Card,Beer,Beverages,14,98,1372,138.572,-0.436781609
1300,08/10/2019,8,Tasty Tingles,Portland,OR,USA,Nancy Freehafer,North,10/10/2019,Shipping Company B,Elizabeth Andersen,123 8th Street,Portland,OR,USA,Check,Curry Sauce,Sauces,40,48,1920,188.16,0.39941691
1301,08/10/2019,8,Tasty Tingles,Portland,OR,USA,Nancy Freehafer,North,10/10/2019,Shipping Company B,Elizabeth Andersen,123 8th Street,Portland,OR,USA,Check,Chocolate Biscuits Mix,Baked Goods & Mixes,9.2,100,920,91.08,-0.520833333
1302,25/10/2019,25,Splashology,Chicago,IL,USA,Laura Giussani,East,27/10/2019,Shipping QuenchCraft,John Rodman,789 25th Street,Chicago,IL,USA,Cash,Scones,Baked Goods & Mixes,10,90,900,87.3,-0.02173913
1303,26/10/2019,26,BrewVibe,Miami,FL,USA,Anne Larsen,South,28/10/2019,Shipping BubblyBurst,Run Liu,789 26th Street,Miami,FL,USA,Credit Card,Olive Oil,Oil,21.35,49,1046.15,102.5227,0.162388889
1304,26/10/2019,26,BrewVibe,Miami,FL,USA,Anne Larsen,South,28/10/2019,Shipping BubblyBurst,Run Liu,789 26th Street,Miami,FL,USA,Credit Card,Clam Chowder,Soups,9.65,71,685.15,65.7744,-0.345074798
1305,26/10/2019,26,BrewVibe,Miami,FL,USA,Anne Larsen,South,28/10/2019,Shipping BubblyBurst,Run Liu,789 26th Street,Miami,FL,USA,Credit Card,Crab Meat,Canned Meat,18.4,10,184,19.136,-0.731445669
1306,29/10/2019,29,BubblyBurst,Denver,CO,USA,Jan Kotas,West,31/10/2019,Shipping Company B,Soo Jung Lee,789 29th Street,Denver,CO,USA,Check,Beer,Beverages,14,78,1092,112.476,4.934782609
1307,06/10/2019,6,SparkleCraft,Milwaukee,WI,USA,Michael Neipper,North,08/10/2019,Shipping BubblyBurst,Francisco Pérez-Olaeta,123 6th Street,Milwaukee,WI,USA,Check,Chocolate,Candy,12.75,44,561,53.856,-0.486263736
1309,04/10/2019,4,Liquid Harmony,New York,NY,USA,Andrew Cencini,East,06/10/2019,Shipping QuenchCraft,Christina Lee,123 4th Street,New York,NY,USA,Credit Card,Marmalade,"Jams, Preserves",81,82,6642,697.41,10.83957219
1310,04/10/2019,4,Liquid Harmony,New York,NY,USA,Andrew Cencini,East,06/10/2019,Shipping QuenchCraft,Christina Lee,123 4th Street,New York,NY,USA,Credit Card,Long Grain Rice,Grains,7,29,203,20.3,-0.969436917
1312,08/10/2019,8,Tasty Tingles,Portland,OR,USA,Nancy Freehafer,North,10/10/2019,Shipping BubblyBurst,Elizabeth Andersen,123 8th Street,Portland,OR,USA,Credit Card,Mozzarella,Dairy Products,34.8,93,3236.4,313.9308,14.94285714
1315,03/10/2019,3,BubblyBurst,Los Angelas,CA,USA,Mariya Sergienko,West,05/10/2019,Shipping Company B,Thomas Axerr,123 3rd Street,Los Angelas,CA,USA,Cash,Syrup,Condiments,10,11,110,11.44,-0.966011618
1316,03/10/2019,3,BubblyBurst,Los Angelas,CA,USA,Mariya Sergienko,West,05/10/2019,Shipping Company B,Thomas Axerr,123 3rd Street,Los Angelas,CA,USA,Cash,Curry Sauce,Sauces,40,91,3640,364,32.09090909
1320,10/10/2019,10,Froth & Fusion,Chicago,IL,USA,Laura Giussani,East,12/10/2019,Shipping Company B,Roland Wacker,123 10th Street,Chicago,IL,USA,Credit Card,Almonds,Dried Fruit & Nuts,10,12,120,12.36,-0.967032967
1322,10/10/2019,10,Froth & Fusion,Chicago,IL,USA,Laura Giussani,East,12/10/2019,Shipping QuenchCraft,Roland Wacker,123 10th Street,Chicago,IL,USA,Credit Card,Dried Plums,Dried Fruit & Nuts,3.5,78,273,27.3,1.275
1323,11/10/2019,11,Zephyr Drinks,Miami,FL,USA,Anne Larsen,South,12/10/2019,Shipping BubblyBurst,Peter Krschne,123 11th Street,Miami,FL,USA,Credit Card,Curry Sauce,Sauces,40,60,2400,228,7.791208791
1324,01/10/2019,1,QuenchCraft,Seattle,WA,USA,Nancy Freehafer,North,12/10/2019,Shipping BubblyBurst,Anna Bedecs,123 1st Street,Seattle,WA,USA,Credit Card,Crab Meat,Canned Meat,18.4,23,423.2,43.5896,-0.823666667
1325,28/10/2019,28,BlissBrew,Memphis,TN,USA,Anne Larsen,South,30/10/2019,Shipping BubblyBurst,Amritansh Raghav,789 28th Street,Memphis,TN,USA,Credit Card,Coffee,Beverages,46,34,1564,157.964,2.695652174
1326,09/10/2019,9,InfuZest,Salt Lake City,UT,USA,Robert Zare,West,11/10/2019,Shipping QuenchCraft,Sven Mortensen,123 9th Street,Salt Lake City,UT,USA,Check,Clam Chowder,Soups,9.65,89,858.85,86.74385,-0.450863171
1327,06/10/2019,6,SparkleCraft,Milwaukee,WI,USA,Michael Neipper,North,08/10/2019,Shipping Company B,Francisco Pérez-Olaeta,123 6th Street,Milwaukee,WI,USA,Credit Card,Chocolate,Candy,12.75,82,1045.5,103.5045,0.217325493
1328,08/10/2019,8,Tasty Tingles,Portland,OR,USA,Nancy Freehafer,North,10/10/2019,Shipping Company B,Elizabeth Andersen,123 8th Street,Portland,OR,USA,Check,Chocolate,Candy,12.75,43,548.25,52.632,-0.475609756
1329,10/11/2019,10,Froth & Fusion,Chicago,IL,USA,Laura Giussani,East,12/11/2019,Shipping QuenchCraft,Roland Wacker,123 10th Street,Chicago,IL,USA,Check,Cajun Seasoning,Condiments,22,96,2112,221.76,2.852257182
1330,10/11/2019,10,Froth & Fusion,Chicago,IL,USA,Laura Giussani,East,12/11/2019,Shipping QuenchCraft,Roland Wacker,123 10th Street,Chicago,IL,USA,Check,Chocolate Biscuits Mix,Baked Goods & Mixes,9.2,34,312.8,31.28,-0.851893939
1331,11/11/2019,11,Zephyr Drinks,Miami,FL,USA,Anne Larsen,South,12/11/2019,Shipping BubblyBurst,Peter Krschne,123 11th Street,Miami,FL,USA,Check,Dried Plums,Dried Fruit & Nuts,3.5,42,147,15.141,-0.530051151
1332,11/11/2019,11,Zephyr Drinks,Miami,FL,USA,Anne Larsen,South,12/11/2019,Shipping BubblyBurst,Peter Krschne,123 11th Street,Miami,FL,USA,Check,Green Tea,Beverages,2.99,100,299,30.498,1.034013605
1333,01/11/2019,1,QuenchCraft,Seattle,WA,USA,Nancy Freehafer,North,12/11/2019,Shipping BubblyBurst,Anna Bedecs,123 1st Street,Seattle,WA,USA,Check,Chai,Beverages,18,42,756,76.356,1.528428094
1334,01/11/2019,1,QuenchCraft,Seattle,WA,USA,Nancy Freehafer,North,12/11/2019,Shipping BubblyBurst,Anna Bedecs,123 1st Street,Seattle,WA,USA,Check,Coffee,Beverages,46,16,736,70.656,-0.026455026
1335,01/11/2019,1,QuenchCraft,Seattle,WA,USA,Nancy Freehafer,North,12/11/2019,Shipping BubblyBurst,Anna Bedecs,123 1st Street,Seattle,WA,USA,Check,Green Tea,Beverages,2.99,22,65.78,6.38066,-0.910625
1336,28/11/2019,28,BlissBrew,Memphis,TN,USA,Anne Larsen,South,30/11/2019,Shipping BubblyBurst,Amritansh Raghav,789 28th Street,Memphis,TN,USA,Credit Card,Clam Chowder,Soups,9.65,46,443.9,45.7217,5.748251748
1337,28/11/2019,28,BlissBrew,Memphis,TN,USA,Anne Larsen,South,30/11/2019,Shipping BubblyBurst,Amritansh Raghav,789 28th Street,Memphis,TN,USA,Credit Card,Crab Meat,Canned Meat,18.4,100,1840,184,3.14507772
1338,09/11/2019,9,InfuZest,Salt Lake City,UT,USA,Robert Zare,West,11/11/2019,Shipping QuenchCraft,Sven Mortensen,123 9th Street,Salt Lake City,UT,USA,Check,Ravioli,Pasta,19.5,87,1696.5,174.7395,-0.07798913
1339,09/11/2019,9,InfuZest,Salt Lake City,UT,USA,Robert Zare,West,11/11/2019,Shipping QuenchCraft,Sven Mortensen,123 9th Street,Salt Lake City,UT,USA,Check,Mozzarella,Dairy Products,34.8,58,2018.4,205.8768,0.18974359
1340,06/11/2019,6,SparkleCraft,Milwaukee,WI,USA,Michael Neipper,North,08/11/2019,Shipping Company B,Francisco Pérez-Olaeta,123 6th Street,Milwaukee,WI,USA,Credit Card,Beer,Beverages,14,85,1190,120.19,-0.410424098
1341,08/11/2019,8,Tasty Tingles,Portland,OR,USA,Nancy Freehafer,North,10/11/2019,Shipping Company B,Elizabeth Andersen,123 8th Street,Portland,OR,USA,Check,Curry Sauce,Sauces,40,28,1120,110.88,-0.058823529
1342,08/11/2019,8,Tasty Tingles,Portland,OR,USA,Nancy Freehafer,North,10/11/2019,Shipping Company B,Elizabeth Andersen,123 8th Street,Portland,OR,USA,Check,Chocolate Biscuits Mix,Baked Goods & Mixes,9.2,19,174.8,17.1304,-0.843928571
1343,25/11/2019,25,Splashology,Chicago,IL,USA,Laura Giussani,East,27/11/2019,Shipping QuenchCraft,John Rodman,789 25th Street,Chicago,IL,USA,Cash,Scones,Baked Goods & Mixes,10,99,990,102.96,4.663615561
1344,26/11/2019,26,BrewVibe,Miami,FL,USA,Anne Larsen,South,28/11/2019,Shipping BubblyBurst,Run Liu,789 26th Street,Miami,FL,USA,Credit Card,Olive Oil,Oil,21.35,69,1473.15,153.2076,0.488030303
1345,26/11/2019,26,BrewVibe,Miami,FL,USA,Anne Larsen,South,28/11/2019,Shipping BubblyBurst,Run Liu,789 26th Street,Miami,FL,USA,Credit Card,Clam Chowder,Soups,9.65,37,357.05,33.91975,-0.757628212
1346,26/11/2019,26,BrewVibe,Miami,FL,USA,Anne Larsen,South,28/11/2019,Shipping BubblyBurst,Run Liu,789 26th Street,Miami,FL,USA,Credit Card,Crab Meat,Canned Meat,18.4,64,1177.6,118.9376,2.298137516
1347,29/11/2019,29,BubblyBurst,Denver,CO,USA,Jan Kotas,West,01/12/2019,Shipping Company B,Soo Jung Lee,789 29th Street,Denver,CO,USA,Check,Beer,Beverages,14,38,532,55.328,-0.548233696
1348,06/11/2019,6,SparkleCraft,Milwaukee,WI,USA,Michael Neipper,North,08/11/2019,Shipping BubblyBurst,Francisco Pérez-Olaeta,123 6th Street,Milwaukee,WI,USA,Check,Chocolate,Candy,12.75,15,191.25,18.55125,-0.640507519
1350,04/11/2019,4,Liquid Harmony,New York,NY,USA,Andrew Cencini,East,06/11/2019,Shipping QuenchCraft,Christina Lee,123 4th Street,New York,NY,USA,Credit Card,Marmalade,"Jams, Preserves",81,52,4212,412.776,21.02352941
1351,04/11/2019,4,Liquid Harmony,New York,NY,USA,Andrew Cencini,East,06/11/2019,Shipping QuenchCraft,Christina Lee,123 4th Street,New York,NY,USA,Credit Card,Long Grain Rice,Grains,7,37,259,25.382,-0.938509022
1353,08/11/2019,8,Tasty Tingles,Portland,OR,USA,Nancy Freehafer,North,10/11/2019,Shipping BubblyBurst,Elizabeth Andersen,123 8th Street,Portland,OR,USA,Credit Card,Mozzarella,Dairy Products,34.8,24,835.2,80.1792,2.224710425
1356,03/11/2019,3,BubblyBurst,Los Angelas,CA,USA,Mariya Sergienko,West,05/11/2019,Shipping Company B,Thomas Axerr,123 3rd Street,Los Angelas,CA,USA,Cash,Syrup,Condiments,10,36,360,37.08,-0.568965517
1357,03/11/2019,3,BubblyBurst,Los Angelas,CA,USA,Mariya Sergienko,West,05/11/2019,Shipping Company B,Thomas Axerr,123 3rd Street,Los Angelas,CA,USA,Cash,Curry Sauce,Sauces,40,24,960,96,1.666666667
1361,10/11/2019,10,Froth & Fusion,Chicago,IL,USA,Laura Giussani,East,12/11/2019,Shipping Company B,Roland Wacker,123 10th Street,Chicago,IL,USA,Credit Card,Almonds,Dried Fruit & Nuts,10,20,200,20,-0.791666667
1363,10/11/2019,10,Froth & Fusion,Chicago,IL,USA,Laura Giussani,East,12/11/2019,Shipping QuenchCraft,Roland Wacker,123 10th Street,Chicago,IL,USA,Credit Card,Dried Plums,Dried Fruit & Nuts,3.5,11,38.5,3.7345,-0.8075
1364,11/11/2019,11,Zephyr Drinks,Miami,FL,USA,Anne Larsen,South,12/11/2019,Shipping BubblyBurst,Peter Krschne,123 11th Street,Miami,FL,USA,Credit Card,Curry Sauce,Sauces,40,78,3120,299.52,80.03896104
1365,01/11/2019,1,QuenchCraft,Seattle,WA,USA,Nancy Freehafer,North,12/11/2019,Shipping BubblyBurst,Anna Bedecs,123 1st Street,Seattle,WA,USA,Credit Card,Crab Meat,Canned Meat,18.4,76,1398.4,144.0352,-0.551794872
1366,28/11/2019,28,BlissBrew,Memphis,TN,USA,Anne Larsen,South,30/11/2019,Shipping BubblyBurst,Amritansh Raghav,789 28th Street,Memphis,TN,USA,Credit Card,Coffee,Beverages,46,57,2622,272.688,0.875
1367,09/11/2019,9,InfuZest,Salt Lake City,UT,USA,Robert Zare,West,11/11/2019,Shipping QuenchCraft,Sven Mortensen,123 9th Street,Salt Lake City,UT,USA,Check,Clam Chowder,Soups,9.65,14,135.1,12.9696,-0.948474447
1368,27/12/2019,27,CitrusFizz,Las Vegas,NV,USA,Mariya Sergienko,West,29/12/2019,Shipping Company B,Karen Toh,789 27th Street,Las Vegas,NV,USA,Check,Beer,Beverages,14,14,196,19.796,0.450777202
1369,27/12/2019,27,CitrusFizz,Las Vegas,NV,USA,Mariya Sergienko,West,29/12/2019,Shipping Company B,Karen Toh,789 27th Street,Las Vegas,NV,USA,Check,Dried Plums,Dried Fruit & Nuts,3.5,70,245,25.235,0.25
1370,04/12/2019,4,Liquid Harmony,New York,NY,USA,Andrew Cencini,East,06/12/2019,Shipping QuenchCraft,Christina Lee,123 4th Street,New York,NY,USA,Credit Card,Dried Pears,Dried Fruit & Nuts,30,100,3000,291,11.24489796
1371,04/12/2019,4,Liquid Harmony,New York,NY,USA,Andrew Cencini,East,06/12/2019,Shipping QuenchCraft,Christina Lee,123 4th Street,New York,NY,USA,Credit Card,Dried Apples,Dried Fruit & Nuts,53,27,1431,143.1,-0.523
1372,04/12/2019,4,Liquid Harmony,New York,NY,USA,Andrew Cencini,East,06/12/2019,Shipping QuenchCraft,Christina Lee,123 4th Street,New York,NY,USA,Credit Card,Dried Plums,Dried Fruit & Nuts,3.5,70,245,24.01,-0.828791055
1373,12/12/2019,12,Company L,Las Vegas,NV,USA,Mariya Sergienko,West,14/12/2019,Shipping Company B,John Edwards,123 12th Street,Las Vegas,NV,USA,Credit Card,Chai,Beverages,18,57,1026,102.6,3.187755102
1374,12/12/2019,12,Company L,Las Vegas,NV,USA,Mariya Sergienko,West,14/12/2019,Shipping Company B,John Edwards,123 12th Street,Las Vegas,NV,USA,Credit Card,Coffee,Beverages,46,83,3818,374.164,2.721247563
1375,08/12/2019,8,Tasty Tingles,Portland,OR,USA,Nancy Freehafer,North,10/12/2019,Shipping BubblyBurst,Elizabeth Andersen,123 8th Street,Portland,OR,USA,Credit Card,Chocolate Biscuits Mix,Baked Goods & Mixes,9.2,76,699.2,67.1232,-0.81686747
1376,04/12/2019,4,Liquid Harmony,New York,NY,USA,Andrew Cencini,East,06/12/2019,Shipping BubblyBurst,Christina Lee,123 4th Street,New York,NY,USA,Check,Chocolate Biscuits Mix,Baked Goods & Mixes,9.2,80,736,72.864,0.052631579
1377,29/12/2019,29,BubblyBurst,Denver,CO,USA,Jan Kotas,West,31/12/2019,Shipping Company B,Soo Jung Lee,789 29th Street,Denver,CO,USA,Check,Chocolate,Candy,12.75,47,599.25,59.32575,-0.18580163
1378,03/12/2019,3,BubblyBurst,Los Angelas,CA,USA,Mariya Sergienko,West,05/12/2019,Shipping Company B,Thomas Axerr,123 3rd Street,Los Angelas,CA,USA,Cash,Clam Chowder,Soups,9.65,96,926.4,94.4928,0.545932416
1379,06/12/2019,6,SparkleCraft,Milwaukee,WI,USA,Michael Neipper,North,08/12/2019,Shipping Company B,Francisco Pérez-Olaeta,123 6th Street,Milwaukee,WI,USA,Credit Card,Curry Sauce,Sauces,40,32,1280,134.4,0.381692573
1380,28/12/2019,28,BlissBrew,Memphis,TN,USA,Anne Larsen,South,30/12/2019,Shipping BubblyBurst,Amritansh Raghav,789 28th Street,Memphis,TN,USA,Check,Coffee,Beverages,46,16,736,73.6,-0.425
1381,08/12/2019,8,Tasty Tingles,Portland,OR,USA,Nancy Freehafer,North,10/12/2019,Shipping BubblyBurst,Elizabeth Andersen,123 8th Street,Portland,OR,USA,Check,Chocolate,Candy,12.75,41,522.75,51.2295,-0.289741848
1382,10/12/2019,10,Froth & Fusion,Chicago,IL,USA,Laura Giussani,East,12/12/2019,Shipping Company B,Roland Wacker,123 10th Street,Chicago,IL,USA,Credit Card,Green Tea,Beverages,2.99,41,122.59,12.87195,-0.765490196
1383,07/12/2019,7,Company G,Boise,ID,USA,Nancy Freehafer,North,12/12/2019,Shipping Company B,Ming-Yang Xie,123 7th Street,Boise,ID,USA,Credit Card,Coffee,Beverages,46,41,1886,194.258,14.38461538
1384,10/12/2019,10,Froth & Fusion,Chicago,IL,USA,Laura Giussani,East,12/12/2019,Shipping QuenchCraft,Roland Wacker,123 10th Street,Chicago,IL,USA,Credit Card,Boysenberry Spread,"Jams, Preserves",25,94,2350,235,0.24602333
1385,10/12/2019,10,Froth & Fusion,Chicago,IL,USA,Laura Giussani,East,12/12/2019,Shipping QuenchCraft,Roland Wacker,123 10th Street,Chicago,IL,USA,Credit Card,Cajun Seasoning,Condiments,22,20,440,46.2,-0.812765957
1386,10/12/2019,10,Froth & Fusion,Chicago,IL,USA,Laura Giussani,East,12/12/2019,Shipping QuenchCraft,Roland Wacker,123 10th Street,Chicago,IL,USA,Credit Card,Chocolate Biscuits Mix,Baked Goods & Mixes,9.2,13,119.6,12.4384,-0.728181818
1387,11/12/2019,11,Zephyr Drinks,Miami,FL,USA,Anne Larsen,South,12/12/2019,Shipping BubblyBurst,Peter Krschne,123 11th Street,Miami,FL,USA,Credit Card,Dried Plums,Dried Fruit & Nuts,3.5,74,259,26.936,1.165551839
1388,11/12/2019,11,Zephyr Drinks,Miami,FL,USA,Anne Larsen,South,12/12/2019,Shipping BubblyBurst,Peter Krschne,123 11th Street,Miami,FL,USA,Credit Card,Green Tea,Beverages,2.99,53,158.47,16.00547,-0.388146718
1389,01/12/2019,1,QuenchCraft,Seattle,WA,USA,Nancy Freehafer,North,12/12/2019,Shipping BubblyBurst,Anna Bedecs,123 1st Street,Seattle,WA,USA,Credit Card,Chai,Beverages,18,99,1782,174.636,10.24503061
1390,01/12/2019,1,QuenchCraft,Seattle,WA,USA,Nancy Freehafer,North,12/12/2019,Shipping BubblyBurst,Anna Bedecs,123 1st Street,Seattle,WA,USA,Credit Card,Coffee,Beverages,46,89,4094,388.93,1.297418631
1391,01/12/2019,1,QuenchCraft,Seattle,WA,USA,Nancy Freehafer,North,12/12/2019,Shipping BubblyBurst,Anna Bedecs,123 1st Street,Seattle,WA,USA,Credit Card,Green Tea,Beverages,2.99,64,191.36,19.51872,-0.953258427
1392,28/12/2019,28,BlissBrew,Memphis,TN,USA,Anne Larsen,South,30/12/2019,Shipping BubblyBurst,Amritansh Raghav,789 28th Street,Memphis,TN,USA,Credit Card,Clam Chowder,Soups,9.65,98,945.7,96.4614,3.941994147
1393,28/12/2019,28,BlissBrew,Memphis,TN,USA,Anne Larsen,South,30/12/2019,Shipping BubblyBurst,Amritansh Raghav,789 28th Street,Memphis,TN,USA,Credit Card,Crab Meat,Canned Meat,18.4,86,1582.4,155.0752,0.673257904
1394,09/12/2019,9,InfuZest,Salt Lake City,UT,USA,Robert Zare,West,11/12/2019,Shipping QuenchCraft,Sven Mortensen,123 9th Street,Salt Lake City,UT,USA,Check,Ravioli,Pasta,19.5,20,390,40.95,-0.753538928
1395,09/12/2019,9,InfuZest,Salt Lake City,UT,USA,Robert Zare,West,11/12/2019,Shipping QuenchCraft,Sven Mortensen,123 9th Street,Salt Lake City,UT,USA,Check,Mozzarella,Dairy Products,34.8,69,2401.2,240.12,5.156923077
1396,06/12/2019,6,SparkleCraft,Milwaukee,WI,USA,Michael Neipper,North,08/12/2019,Shipping Company B,Francisco Pérez-Olaeta,123 6th Street,Milwaukee,WI,USA,Credit Card,Beer,Beverages,14,68,952,91.392,-0.603531568
1397,08/12/2019,8,Tasty Tingles,Portland,OR,USA,Nancy Freehafer,North,10/12/2019,Shipping Company B,Elizabeth Andersen,123 8th Street,Portland,OR,USA,Check,Curry Sauce,Sauces,40,52,2080,203.84,1.18487395
1398,08/12/2019,8,Tasty Tingles,Portland,OR,USA,Nancy Freehafer,North,10/12/2019,Shipping Company B,Elizabeth Andersen,123 8th Street,Portland,OR,USA,Check,Chocolate Biscuits Mix,Baked Goods & Mixes,9.2,40,368,38.64,-0.823076923
1399,25/12/2019,25,Splashology,Chicago,IL,USA,Laura Giussani,East,27/12/2019,Shipping QuenchCraft,John Rodman,789 25th Street,Chicago,IL,USA,Cash,Scones,Baked Goods & Mixes,10,100,1000,98,1.717391304
1400,26/12/2019,26,BrewVibe,Miami,FL,USA,Anne Larsen,South,28/12/2019,Shipping BubblyBurst,Run Liu,789 26th Street,Miami,FL,USA,Credit Card,Olive Oil,Oil,21.35,88,1878.8,184.1224,0.8788
1401,26/12/2019,26,BrewVibe,Miami,FL,USA,Anne Larsen,South,28/12/2019,Shipping BubblyBurst,Run Liu,789 26th Street,Miami,FL,USA,Credit Card,Clam Chowder,Soups,9.65,46,443.9,42.6144,-0.763732169
1402,26/12/2019,26,BrewVibe,Miami,FL,USA,Anne Larsen,South,28/12/2019,Shipping BubblyBurst,Run Liu,789 26th Street,Miami,FL,USA,Credit Card,Crab Meat,Canned Meat,18.4,93,1711.2,167.6976,2.85492228
1403,29/12/2019,29,BubblyBurst,Denver,CO,USA,Jan Kotas,West,31/12/2019,Shipping Company B,Soo Jung Lee,789 29th Street,Denver,CO,USA,Check,Beer,Beverages,14,96,1344,141.12,-0.214586255
1404,06/12/2019,6,SparkleCraft,Milwaukee,WI,USA,Michael Neipper,North,08/12/2019,Shipping BubblyBurst,Francisco Pérez-Olaeta,123 6th Street,Milwaukee,WI,USA,Check,Chocolate,Candy,12.75,12,153,16.065,-0.886160714
1406,04/12/2019,4,Liquid Harmony,New York,NY,USA,Andrew Cencini,East,06/12/2019,Shipping QuenchCraft,Christina Lee,123 4th Street,New York,NY,USA,Credit Card,Marmalade,"Jams, Preserves",81,38,3078,292.41,19.11764706
1407,04/12/2019,4,Liquid Harmony,New York,NY,USA,Andrew Cencini,East,06/12/2019,Shipping QuenchCraft,Christina Lee,123 4th Street,New York,NY,USA,Credit Card,Long Grain Rice,Grains,7,42,294,29.106,-0.904483431
1409,08/12/2019,8,Tasty Tingles,Portland,OR,USA,Nancy Freehafer,North,10/12/2019,Shipping BubblyBurst,Elizabeth Andersen,123 8th Street,Portland,OR,USA,Credit Card,Mozzarella,Dairy Products,34.8,100,3480,344.52,10.83673469
1412,03/12/2019,3,BubblyBurst,Los Angelas,CA,USA,Mariya Sergienko,West,05/12/2019,Shipping Company B,Thomas Axerr,123 3rd Street,Los Angelas,CA,USA,Cash,Syrup,Condiments,10,89,890,87.22,-0.744252874
1413,03/12/2019,3,BubblyBurst,Los Angelas,CA,USA,Mariya Sergienko,West,05/12/2019,Shipping Company B,Thomas Axerr,123 3rd Street,Los Angelas,CA,USA,Cash,Curry Sauce,Sauces,40,12,480,46.56,-0.460674157
1417,10/12/2019,10,Froth & Fusion,Chicago,IL,USA,Laura Giussani,East,12/12/2019,Shipping Company B,Roland Wacker,123 10th Street,Chicago,IL,USA,Credit Card,Almonds,Dried Fruit & Nuts,10,97,970,100.88,1.020833333
1419,10/12/2019,10,Froth & Fusion,Chicago,IL,USA,Laura Giussani,East,12/12/2019,Shipping QuenchCraft,Roland Wacker,123 10th Street,Chicago,IL,USA,Credit Card,Dried Plums,Dried Fruit & Nuts,3.5,53,185.5,17.6225,-0.808762887
1420,11/12/2019,11,Zephyr Drinks,Miami,FL,USA,Anne Larsen,South,12/12/2019,Shipping BubblyBurst,Peter Krschne,123 11th Street,Miami,FL,USA,Credit Card,Curry Sauce,Sauces,40,61,2440,248.88,12.15363881
1421,01/12/2019,1,QuenchCraft,Seattle,WA,USA,Nancy Freehafer,North,12/12/2019,Shipping BubblyBurst,Anna Bedecs,123 1st Street,Seattle,WA,USA,Credit Card,Crab Meat,Canned Meat,18.4,45,828,81.144,-0.660655738
1422,28/12/2019,28,BlissBrew,Memphis,TN,USA,Anne Larsen,South,30/12/2019,Shipping BubblyBurst,Amritansh Raghav,789 28th Street,Memphis,TN,USA,Credit Card,Coffee,Beverages,46,43,1978,197.8,1.388888889
1423,09/12/2019,9,InfuZest,Salt Lake City,UT,USA,Robert Zare,West,11/12/2019,Shipping QuenchCraft,Sven Mortensen,123 9th Street,Salt Lake City,UT,USA,Check,Clam Chowder,Soups,9.65,18,173.7,16.5015,-0.912184024
1424,06/12/2019,6,SparkleCraft,Milwaukee,WI,USA,Michael Neipper,North,08/12/2019,Shipping Company B,Francisco Pérez-Olaeta,123 6th Street,Milwaukee,WI,USA,Credit Card,Chocolate,Candy,12.75,41,522.75,50.70675,2.009499136
1425,08/12/2019,8,Tasty Tingles,Portland,OR,USA,Nancy Freehafer,North,10/12/2019,Shipping Company B,Elizabeth Andersen,123 8th Street,Portland,OR,USA,Check,Chocolate,Candy,12.75,19,242.25,23.98275,-0.536585366
1426,25/12/2019,25,Splashology,Chicago,IL,USA,Laura Giussani,East,27/12/2019,Shipping QuenchCraft,John Rodman,789 25th Street,Chicago,IL,USA,Cash,Cajun Seasoning,Condiments,22,65,1430,138.71,4.902992776
1427,26/12/2019,26,BrewVibe,Miami,FL,USA,Anne Larsen,South,28/12/2019,Shipping BubblyBurst,Run Liu,789 26th Street,Miami,FL,USA,Credit Card,Boysenberry Spread,"Jams, Preserves",25,13,325,32.175,-0.772727273
1428,29/12/2019,29,BubblyBurst,Denver,CO,USA,Jan Kotas,West,31/12/2019,Shipping Company B,Soo Jung Lee,789 29th Street,Denver,CO,USA,Check,Fruit Cocktail,Fruit & Veg,39,54,2106,214.812,5.48
1429,06/12/2019,6,SparkleCraft,Milwaukee,WI,USA,Michael Neipper,North,08/12/2019,Shipping BubblyBurst,Francisco Pérez-Olaeta,123 6th Street,Milwaukee,WI,USA,Check,Dried Pears,Dried Fruit & Nuts,30,33,990,95.04,-0.52991453
1430,06/12/2019,6,SparkleCraft,Milwaukee,WI,USA,Michael Neipper,North,08/12/2019,Shipping BubblyBurst,Francisco Pérez-Olaeta,123 6th Street,Milwaukee,WI,USA,Check,Dried Apples,Dried Fruit & Nuts,53,34,1802,185.606,0.82020202
1431,04/12/2019,4,Liquid Harmony,New York,NY,USA,Andrew Cencini,East,08/12/2019,Shipping BubblyBurst,Christina Lee,123 4th Street,New York,NY,USA,Check,Gnocchi,Pasta,38,59,2242,226.442,0.244173141
1432,03/12/2019,3,BubblyBurst,Los Angelas,CA,USA,Mariya Sergienko,West,08/12/2019,Shipping BubblyBurst,Thomas Axerr,123 3rd Street,Los Angelas,CA,USA,Check,Green Tea,Beverages,2.99,24,71.76,7.10424,-0.967992864
